:020000040800F2
:10000000A03800202102000801360008A7290008B6
:10001000F131000861080008413E000800000000BE
:10002000000000000000000000000000890100083E
:10003000A30A000800000000CD010008653900088F
:100040003B0200083B0200083B0200083B0200089C
:100050003B0200083B0200083B0200083B0200088C
:100060003B0200083B0200083B0200086D0A000842
:100070003B0200083B0200083B0200083B0200086C
:100080003B0200083B0200083B0200083B0200085C
:100090003B0200083B0200083B0200083B0200084C
:1000A0003B0200083B0200083B0200083B0200083C
:1000B0003B020008F5390008013A00083B0200083D
:1000C0003B0200083B0200083B0200083B0200081C
:1000D0003B0200083B0200083B0200083B0200080C
:1000E0003B0200083B0200083B02000800F002F857
:1000F00000F03AF80AA090E8000C82448344AAF188
:100100000107DA4501D100F02FF8AFF2090EBAE885
:100110000F0013F0010F18BFFB1A43F0010318473B
:100120002CB500004CB50000103A24BF78C878C147
:10013000FAD8520724BF30C830C144BF04680C60ED
:10014000704700000023002400250026103A28BF35
:1001500078C1FBD8520728BF30C148BF0B60704739
:100160001FB51FBD10B510BD00F03DF91146FFF7DA
:10017000F7FF03F0E1FE00F05BF903B4FFF7F2FFD5
:1001800003BC00F063F90000224B19680868B0E86E
:10019000F00F80F30988BFF36F8F4FF0000080F3FA
:1001A00011884EF00D0E70470000000006480068F0
:1001B000006880F3088862B661B6BFF34F8FBFF363
:1001C0006F8F00DF00BF00BF08ED00E0EFF3098094
:1001D000BFF36F8F0F4B1A6820E9F00F106008B55E
:1001E0004FF0BF0080F31188BFF34F8FBFF36F8FC5
:1001F00005F0A6FE4FF0000080F31188BDE808402E
:1002000019680868B0E8F00F80F30988BFF36F8FB2
:10021000704700BF48000020EFF3058070470000E2
:100220000948804709480047FEE7FEE7FEE7FEE78A
:10023000FEE7FEE7FEE7FEE7FEE7FEE704480549C6
:10024000054A064B70470000F1390008ED00000830
:10025000A0320020A0380020A0340020A0340020CC
:10026000032A40F2308010F0030C00F0158011F8E2
:10027000013BBCF1020F624498BF11F801CB00F8BA
:10028000013B38BF11F8013BA2F1040298BF00F80E
:1002900001CB38BF00F8013B11F0030300F071807F
:1002A000083AC0F0088051F8043B083A51F804CBF2
:1002B000A0E80810F5E7121D5CBF51F8043B40F8B8
:1002C000043BAFF30080D20724BF11F8013B11F8C3
:1002D00001CB48BF11F8012B24BF00F8013B00F807
:1002E00001CB48BF00F8012B70474FF000020429F2
:1002F000C0F0128010F0030C00F01B80CCF1040C55
:10030000BCF1020F18BF00F8012BA8BF20F8022B88
:10031000A1EB0C0100F00DB85FEAC17C24BF00F82E
:10032000012B00F8012B48BF00F8012B70474FF05C
:10033000000200B5134694469646203922BFA0E835
:100340000C50A0E80C50B1F12001BFF4F7AF090741
:1003500028BFA0E80C5048BF0CC05DF804EB890032
:1003600028BF40F8042B08BF704748BF20F8022B75
:1003700011F0804F18BF00F8012B7047704770478D
:10038000704710B5203AC0F00B80B1E81850203A01
:10039000A0E81850B1E81850A0E81850BFF4F5AF25
:1003A0005FEA027C24BFB1E81850A0E8185044BFAF
:1003B00018C918C0BDE810405FEA827C24BF51F81C
:1003C000043B40F8043B08BF7047D20728BF31F810
:1003D000023B48BF11F8012B28BF20F8023B48BF61
:1003E00000F8012B7047754600F02CF8AE4605006A
:1003F0006946534620F00700854618B020B5FFF740
:100400001DFFBDE820404FF000064FF000074FF001
:1004100000084FF0000B21F00701AC46ACE8C00922
:10042000ACE8C009ACE8C009ACE8C0098D4670472B
:1004300010B50446AFF300802046BDE81040FFF73A
:100440009CBE0000004870473C3200200149182043
:10045000ABBEFEE7260002007047000070B5044600
:1004600000688168C943C90717D1816821F001017B
:10047000816001F0EDF905460AE000BF01F0E8F9FE
:10048000401B022804D920688068C043C00706D0FA
:1004900020688068C043C007F0D0002070BDA06A0B
:1004A00040F01000A062E06A40F00100E06201202C
:1004B00070BD10B50146406A826A12F0500F05D037
:1004C000006A026BBDE8104008461047816A41F49B
:1004D0000071816201688968C1F3424107290CD12A
:1004E000017B51B9816A21F480718162816AC904FA
:1004F00003D4816A41F00101816200F023FE10BD46
:1005000010B5406A816A41F040018162C16A41F0E0
:100510000401C16200F01DFE10BD10B5406A00F07C
:1005200017FE10BDF8B500260446009600688168E5
:10053000C943C9072DD0816841F001018160164887
:1005400016490068B0FBF1F000E0401E0090002862
:10055000FBD101F07DF9054616E000BF01F078F906
:10056000401B022810D920688068C043C0070BD008
:10057000A06A40F01000A062E06A40F00100E06272
:1005800084F824600120F8BD20688068C043C0075B
:10059000E4D10020F8BD00004400002040420F00DC
:1005A000A8B0002502A8279504F03EFB824902A8C6
:1005B00004F0AAFBDFF804A2814FDFF808B2824CF6
:1005C0004FF020084FF00409012602A804F0B0F80B
:1005D000207A012803D19AF80000C00711D1A07930
:1005E000102307EB8010CDE900801A46194602A8B7
:1005F00004F0E6FA207A022803D19AF80000C00736
:1006000011D12079102307EB8010CDE900801A4624
:10061000282102A804F0D4FA207A032803D19AF8FA
:100620000000C00711D1E079102307EB8010CDE95D
:1006300000801A46462102A804F0C2FA207A042853
:1006400003D19AF80000C0070AD16079102307EBA4
:100650008010CDE900801A465E2102A804F0B0FAAD
:10066000CDE90096042319223E2102A804F01FFAC6
:10067000CDE90096042321223E2102A804F017FAB6
:1006800052A33F22002102A804F084FA51A33F2282
:10069000602102A804F086FA02A804F016FB0022EA
:1006A00027A9DBF8000005F0BDFD9DF89C0001289E
:1006B00010D1607A50B1A079A07020792070E079D3
:1006C000E070607960702572657201E02672667272
:1006D0008DF89C509DF89D00012814D1607A38B1A6
:1006E000A078A07120782071E078E0716078607166
:1006F0003A4825726572006805F050FB002005F04D
:10070000C3FB8DF89D509DF89E0001280AD1607AA8
:1007100030B1207A401CC0B22072042800D9267261
:100720008DF89E509DF89F0001287FF44EAF607AAF
:1007300038B3207A012806D0022815D0032824D007
:10074000042835D12BE0A079401CC0B2A0712179DA
:10075000032902D900F0010004E00321B0FBF1F20B
:1007600001FB1200A07123E02079401CC0B220716F
:10077000A179022906D00A21B0FBF1F201FB120097
:10078000207115E000F00300FAE7E079401CC0B2E8
:100790000621B0FBF1F201FB1200E07108E0607984
:1007A000401CC0B20A21B0FBF1F201FB12006071E3
:1007B0008DF89F5009E700006A7E0008D8000020ED
:1007C000D668000800000020E60000205365742F62
:1007D0004F4B0000E8BF94E59B9E000014000020F2
:1007E000094D0A4C0026207848B101F031F82968FB
:1007F000884204D30C21064802F07CF8267064205D
:1008000005F076FAEFE70000F8000020C8000020AD
:100810002C02002010B50C46A0B10D490D4AB1FBC9
:10082000F0F01168401EC862D0601168400848634B
:100830000C21094802F010F801F00AF80749204499
:10084000086010BDBDE810400C21034802F052B80A
:1008500040420F00E40100202C020020F80000209C
:10086000FEE7000007490A6848B1074BB3FBF0F008
:10087000401ED062C8600968400848637047002085
:1008800050637047E401002040420F002DE9F04121
:1008900007461A48007800282ED1194E8046B41C0D
:1008A0005FF0030586F8008015490222891C15486F
:1008B00000F024FD30780028FCD02088B0FBF5F152
:1008C00005FB110000EB400061883844B1FBF5F2F4
:1008D00005FB1211405C0028E4D12088B0FBF5F143
:1008E00005FB110000EB400061883844B1FBF5F2D4
:1008F00005FB121101224254BDE8F081CD00002019
:10090000F20000201C01002010B5002404E0641C4B
:10091000E4B2012000F096F800F076F8012803D048
:10092000642C0ED2002407E0642CF0D309E0641C90
:10093000E4B2012000F086F800F066F818B1642CEB
:1009400004D3012010BD642CF1D3FAE7002010BDC0
:1009500010B5002404E0641CE4B2012000F072F839
:1009600000F052F8012801D1642CF4D3002404E0F3
:10097000641CE4B2012000F065F800F045F808B905
:10098000642CF5D3282000F05DF8BDE81040042168
:10099000014800F04BBF00000008014070B5002086
:1009A00004464006050EFFF7D3FF641C2843E4B25B
:1009B000082CF6D370BD2DE9FC410D46064600F02B
:1009C00029F8FFF7A1FF10B10120BDE8FC81002448
:1009D0006F46FFF7E3FF3855641CE4B2052CF8D3EB
:1009E0009DF800109DF801009DF803300A189DF84D
:1009F000020003441A449DF804309A4201D1297040
:100A000030700020E1E700000421014800F00EBF33
:100A10000008014010B5002000F00CF8142000F090
:100A200003FE012000F006F8BDE810401E2000F093
:100A300009B8000002460421014800F004BF00008C
:100A40000008014010B54FF0E02300EBC0009969A9
:100A5000C200054C9869884201D8081A01E0201AA2
:100A600008449042F6D310BD3F190100014800F040
:100A7000CBBC00004C01002030B590F84050012460
:100A8000AC40C56B6C60046863604368102B0368FE
:100A900003D099600068C26030BD9A600068C16090
:100AA00030BD70472DE9F14F82B0442320221E2132
:100AB000029803F033FF442330221E21029803F0F2
:100AC0002DFF2F2311223421029804F073F82F23D5
:100AD00011224B21029804F06DF8DFF850A0DFF8E6
:100AE000508000254FF008094FF0150B05EB45012C
:100AF000002401EB0A070BEB0516395DB2B208EBD7
:100B0000C100CDE90090C4EBC40000EB0410253017
:100B100081B20823029804F053F8641C032CECDB28
:100B20006D1C032DE2DBBDE8FE8F0000102E0020BF
:100B3000D47100082DE9FC471D4D81461D4E2868E3
:100B40000B2200EB001000EB4000002156F8203093
:100B5000484604F01FF8002428274FF004082868AE
:100B60002044411E052912D200EB001000EB40008A
:100B700006EB8000C838CDE9007004EB840108EB77
:100B8000C10081B228231122484604F019F8641CE0
:100B9000032CE4DB0F2000902888302101EBC000FB
:100BA00081B202233C22484603F01CFEBDE8FC87CC
:100BB000C4000020986B000872B6FEE7A8B00025BC
:100BC00002A8279504F030F8294902A804F09CF8FF
:100BD000284EDFF8A480294CDFF8A4B030274FF06E
:100BE000FF394FF4005A02A803F0A2FD2078302309
:100BF00000EBC00006EB4010CDE900700022282178
:100C000002A803F0DDFF1FA33F22002102A803F08A
:100C1000C1FF1EA33F22602102A803F0C3FF02A868
:100C200004F053F84A4627A9D8F8000005F0FAFA6C
:100C30009DF89C00012808D120785146401C00F006
:100C400001002070584600F0F6FD9DF89D00012837
:100C5000C9D1257001225146584600F0F4FD0D48D7
:100C6000006805F09BF8002005F00EF9BBE70000D6
:100C70006A7E0008946F000800000020C900002070
:100C8000001001404F4E2F4F46460000E8BF94E54C
:100C90009B9E0000140000207CB50022042101204E
:100CA00005F09EF9494C002301222060484800903D
:100CB0004FF47A7147A005F021FD6060474800902D
:100CC000002301224FF4FA7145A005F017FDA06042
:100CD00005F088FB0025024600952B46012160683F
:100CE00005F050FD05F07EFB024600950023012132
:100CF000A06805F047FD04F10C001224CDE9004086
:100D00000023802238A13B4805F030FB2F48002308
:100D10001030CDE90040802237A13A4805F026FB8B
:100D20002A4800231430CDE90040802236A13948FA
:100D300005F01CFB254917201831CDE900010023DF
:100D4000802235A1374805F011FB204800231C30D4
:100D5000CDE90040802234A1374805F007FB1B484D
:100D600000232030CDE90040802234A1374805F02F
:100D7000FDFA164800232430CDE90040802234A13A
:100D8000364805F0F3FA114800232830CDE9004039
:100D9000802233A1354805F0E9FA0C4800232C30B5
:100DA000CDE90040802232A1354805F0DFFA07483E
:100DB00000233030CDE90040802232A1344805F0D4
:100DC000D5FABDE87C4005F033B8000000000020F3
:100DD000653E0008636C6F636B000000293F0008EC
:100DE000666C69636B657200746573747461736BB0
:100DF00000000000F146000854696D655461736B92
:100E000000000000513C00084D656E755461736B25
:100E100000000000F5310008416C61726D5461738F
:100E20006B000000E1070008416C61726D5365744E
:100E30005461736B00000000A1050008466C6173EB
:100E4000686C696768745461736B0000BD0B0008BF
:100E500047616D655461736B00000000950E0008DA
:100E60004D757369635461736B000000A93300080A
:100E700048756D69747572655461736B000000008C
:100E8000A929000853657474696E675461736B0017
:100E90007D360008A8B0002501A8269503F0C4FE01
:100EA000604901A803F030FF0C26DFF87C81DFF8F1
:100EB0007C915F4C13274FF0010A01A803F038FC26
:100EC000012101A803F018FF01A8FFF7EBFD20782E
:100ED00090B1012804D0022806D003280CD105E0E7
:100EE0000B2254A32E2104E054A300E054A30B22B0
:100EF000382101A803F04EFE012101A803F0FCFEF9
:100F00000096A0880C2307EB001082B22089C0EB6A
:100F1000C00101EB0010233081B201A803F082FC74
:100F2000207BC00713D0002101A803F0E5FE009646
:100F3000A0880C2307EB001082B22089C0EBC0010F
:100F400001EB0010233081B201A803F06BFC01A873
:100F500003F0BBFE002226A9D8F8000005F062F9D4
:100F60009DF89800012823D16078F8B9606800EBFB
:100F70004001A06849440A5CC2B902220A542B48C5
:100F800002F03FFB28B1294802F03BFB207084F8B7
:100F900001A02648FFF77AFC244802F032FB28B172
:100FA000224802F02EFB207084F801A08DF89850A2
:100FB0009DF8990001281BD12570657000214A46D3
:100FC00001EB4103002013441D54401C0328FBDBAC
:100FD000491C0329F4DB1B48C4F804A0C4F808A08A
:100FE000006804F0DBFE002004F04EFF8DF89950FD
:100FF0009DF89A00012807D16068401C60600228B3
:1010000000DD65608DF89A509DF89B0001287FF403
:1010100054AFA068401CA060022800DDA5608DF8D8
:101020009B504AE7A076000800000020102E002008
:10103000CC000020446566656174000057696E004D
:101040005469650014000020F8B50024009490F85D
:1010500024202546012A12D0012280F824204A6843
:101060001F23072A0DD20668776B521E02EB8202FD
:1010700093409F430B6893401F43776319E002201E
:10108000F8BD06680D2A0AD2376BD21F02EB820226
:1010900093409F430B6893401F43376309E0F76A0F
:1010A0000D3A02EB820293409F430B6893401F432B
:1010B000F7620A68072306680A2A0AD3F7680A3A19
:1010C00002EB420293409F438B6893401F43F760BB
:1010D00008E0376902EB420293409F438B689340DC
:1010E0001F4337610A68102A01D0112A20D1124B00
:1010F00002689A4217D193681B0219D4936843F48B
:10110000000393600968102912D10C490C4A096840
:10111000B1FBF2F101EB8101490000E0491E0091B1
:101120000029FBD104E0816A41F0200181620124A1
:1011300080F824502046F8BD0024014044000020DF
:1011400040420F000149012008707047F200002062
:10115000704770472DE9F0414FF0000704003D460D
:101160007ED0A06A002628B9E66284F82460204672
:1011700000F07EF82046FFF771F9A16AC90600D495
:1011800020B1A06A40F01000A06269E0A16A21F4D9
:10119000885141F00201A1626268E169237B0A4340
:1011A00047EA43010A43A1684FF48077B94209D066
:1011B000012907D05FF0000194F814C0BCF1010FC1
:1011C00002D00AE03946F7E7F3B1A36A43F02003FF
:1011D000A362E36A43F00103E3622368D3F804C027
:1011E0002CF4694C4CEA010CC3F804C021688B68EC
:1011F000DFF870C003EA0C0313438B60A168B942A7
:101200000BD0012909D00CE0DFF85CC0A3690CEB1E
:1012100043330B4343F40061DFE7218A0D05A5F555
:1012200080152168CB6A23F470032B43CB622168BD
:1012300089680E4B1940914208D1E662A16A21F0FB
:10124000020141F00101A162BDE8F081A06A20F035
:10125000020040F01000A062E06A40F00100E0628D
:101260000120F1E7FDF7E1FF00E0FFFFFE0E1FFFA9
:1012700070B586B000250646009501950295039548
:101280000068194988422DD11849886940F40070D6
:101290008861886900F400700490886940F0040057
:1012A00088618869694600F004000490032000907A
:1012B00001900F4800F0CAF90F4C0E48C4E9000530
:1012C0008020C4E90250400020618000C4E9050587
:1012D0008000E061204600F041F908B1FFF76CFCA6
:1012E0003462666206B070BD002401400010024006
:1012F00000080140080002404C0100202DE9F047A1
:10130000894604463B4900683B4F0E1D9046884283
:1013100001D0B84207D1306810F4702F03D00125F6
:101320002846BDE8F08794F8240001280CD001205D
:1013300084F824002046FFF7F5F805004FF0000080
:1013400004D084F82400EBE70220EAE7A16A40F623
:101350000162914341F48071A1622168B94218D1C0
:10136000326812F4702F14D0A16A41F48011A16286
:101370003168490505D5A16A21F4005141F4805135
:10138000A162A16AC9040AD5E16A21F00601E162FD
:1013900006E0A26A22F48012A2624968E9E7E062EC
:1013A00084F82400216A15488862216A1448C862BA
:1013B000216A1448086321686FF002000860206801
:1013C000816841F480718160216843464A464C310E
:1013D000206A00F0F1F820688168C1F342410729D2
:1013E000816803D041F48011816099E741F4A00144
:1013F000FAE700000024014000280140B30400087F
:101400001B050008010500082DE9F05FC16B0C68A1
:1014100001680B68D0F840C0042202FA0CF2494D72
:10142000DFF824A1494E4A4FDFF828B1DFF828E160
:1014300022422CD05A072AD50A68920603D40A6899
:1014400022F004020A600168A94201D1042219E0D5
:10145000514501D1402215E0B14202D14FF48062E2
:1014600010E0B94202D14FF480420BE0594502D15D
:101470004FF4802206E0714502D14FF4800201E072
:101480004FF080622F4908394A60C16A3BE04FF053
:10149000020808FA0CF818EA040F4FF000094FF0A0
:1014A000010235D05FEA837832D50B689B0605D4FC
:1014B0000B6823F00A030B6080F821200168A94221
:1014C00001D1022219E0514501D1202215E0B1429B
:1014D00002D14FF4007210E0B94202D14FF4005231
:1014E0000BE0594502D14FF4003206E0714502D1BC
:1014F0004FF4001201E04FF00072124908394A60BF
:1015000080F82090816A00291AD0BDE8F05F084772
:10151000082505FA0CF5254212D01B0710D50B68DB
:1015200023F00E030B6090F84010C36B02FA01F138
:101530005960826380F8212080F82090016BE2E7F7
:10154000BDE8F09F080002401C000240300002404D
:1015500044000240580002406C00024030B528B3FD
:1015600008C8134914221944B1FBF2F18900C16380
:1015700010498163022141771A6843F6F0718A436A
:10158000D0E900142143D0E902452C4321430469EA
:101590002143446921438469214311431960002197
:1015A0004163012242770177084630BD012030BDFA
:1015B000F8FFFDBF0000024070B5044690F820001F
:1015C000002501280CD0012084F8200094F8216027
:1015D0000020012E06D084F820000225284670BD88
:1015E000022070BD022684F82160A063206806688E
:1015F00026F0010606602046FFF73EFAE06A002862
:101600002068016802D041F00E0106E021F00401DB
:1016100001602068016841F00A01016020680168EA
:1016200041F001010160D9E770B5044600F010F9FE
:101630000546601C02D004480078044400F008F914
:10164000401BA042FAD370BD380000202DE9F84FAE
:10165000DFF8B8910024A9F1040B23460F2709F104
:10166000040AABF1040EC9E00125A5402A40AA42B4
:101670007DD1674ED1F804C0ACEB0608B44532D03A
:1016800014DCBCF1030F3AD009DCBCF1000F2AD006
:10169000BCF1010F1CD0BCF1020F31D11DE0BCF137
:1016A000110F17D0BCF1120F2AD119E0B8F5881F1D
:1016B00019D006DCB8F5803F15D0B8F5801F1FD1D2
:1016C00011E0B8F5001F0ED0B8F5041F18D10AE0DC
:1016D000CB6815E0CB681B1D12E0CB6808330FE028
:1016E000CB680C330CE08B682BB1012B4FF0080357
:1016F00003D0456104E0042302E0056100E000231B
:10170000FF2A01D8064601E000F104064FEA8405ED
:1017100001D9A5F12005D6F8008007FA05FC28EAD2
:101720000C0803FA05F548EA0508C6F800804D687C
:10173000ED0062D5374DAE6946F00106AE61AD6988
:1017400024F0030605F001050095334D06EB050C6A
:10175000DCF80850A607360F07FA06F825EA080550
:10176000DFF8B880404503D14FF0000817E044E0AF
:10177000DFF8AC80404502D14FF001080FE0DFF800
:10178000A480404502D14FF0020808E0DFF89880BD
:10179000404502D14FF0030801E04FF0040808FA79
:1017A00006F848EA0508CCF808804D68D9F80060CA
:1017B000ED024D4601D5164300E096432E604D687C
:1017C000DAF80060AD02554601D5164300E09643B5
:1017D0002E604D68DBF80060AD035D4601D5164311
:1017E00000E096432E604D68DEF80060ED0375461C
:1017F00001D5164300E096432E60641C0D682A460E
:10180000E5407FF431AFBDE8F88F000008040140E7
:1018100000001110001002400000014000080140CB
:10182000000C014000100140001401408068084095
:1018300000D001207047C26821EA02030A4043EA4F
:101840000241016170470AB1016170470904FBE779
:1018500001488068704700003800002070B504001F
:1018600025D094F83D00002520B984F83C5020464E
:1018700000F04EF9242084F83D002068016821F032
:10188000010101602068016841F4004101602068A5
:10189000016821F40041016000F058FB4D4A616885
:1018A000914201D84C4900E04C49884201D20120C4
:1018B00070BD4B492368B0FBF1F15E6826F03F062E
:1018C0000E435E606368934206D94FF496735943A2
:1018D0004FF47A73B1FBF3F12368491C1E6A26F0BA
:1018E0003F06314319626168914210D84900401E99
:1018F000B0FBF1F2521CC2F30B02042A01D2042005
:1019000022E0B0FBF1F0401CC0F30B001CE0A26829
:10191000F2B301EBC10303EB0116431EB3FBF6F375
:101920005B1C43F480431B0549D092B301EBC10219
:1019300002EB0111401EB0FBF1F0401CC0F30B00A4
:1019400040F4804040F400402168CA694CF6FF73BF
:101950009A431043C861D4E9071001432068026824
:1019600022F0C00211430160D4E903010143206861
:10197000826848F2FF339A4311438160D4E905013C
:1019800008432168CA6822F0FF021043C86001E0E2
:101990000EE016E02068016841F001010160256455
:1019A000202084F83D00256384F83E50002070BD5F
:1019B00001EB4106431EB3FBF6F35B1CB3E70120CA
:1019C000C2E701EB4101401EB0FBF1F0401CC0F347
:1019D0000B00B7E7A086010080841E0000093D00CF
:1019E00040420F002DE9F84F1F4690468A460446B4
:1019F000DDF82890FFF72CFF054694F83D002028DD
:101A00007FD11923012240492046009501F0F0F8CA
:101A1000002876D194F83C00012872D0012084F887
:101A20003C0020680168C90703D1016841F0010149
:101A300001602068016821F400610160212084F8C0
:101A40003D00102084F83E0000262664C4F824805F
:101A50006785608D20852D48E0622B464A465146B9
:101A6000204601F04BF890B92068416980690090E8
:101A700036E02A464946204601F060F950B1206C14
:101A8000042804D12068016841F40071016001203C
:101A9000BDE8F88F606A216800780861606A401CC0
:101AA0006062618D491E6185218D491E89B2218543
:101AB00022685369DB435B070BD451B10078106196
:101AC000606A401C6062608D401E6085208D401EF3
:101AD00020852A464946204601F05EF80028CED1EE
:101AE000208D0028C5D154F83D0B016841F40071E8
:101AF0000160202004F81E09E67766770020C7E71A
:101B0000FFE70220C4E70000020010000000FFFF12
:101B100010B586B0002100910191029103910068F7
:101B20000F4988421AD10F4CA06940F00800A0610B
:101B3000A069694600F008000490C02000901220BF
:101B40000190032003900848FFF780FDE06940F40E
:101B50000010E061E06900F40010049006B010BDD0
:101B60000054004000100240000C0140024881680F
:101B7000027811448160704738000020074810B592
:101B8000016841F010010160032000F0A1F801207C
:101B900000F006F800F050F8002010BD00200240D0
:101BA00030B505461F4887B0C16941F00401C161E5
:101BB000C06906A900F00400009001A800F0A6F991
:101BC0000498B0B100F0C2F940001749174AB0FBC1
:101BD000F1F11748491E0260416040F2E7320021EE
:101BE000C0E903218160816100F0D6FB040003D0CD
:101BF00015E000F0ABF9E8E70D4800F031FC040017
:101C00000DD11E2000F036F8102D07D200222946F3
:101C10001E2000F03DF80748056000E0012407B0F1
:101C2000204630BD0010024040420F000008004036
:101C3000BC0200203C0000200C4808B5816941F03E
:101C400001018161816901F001010091C16941F0E7
:101C50008051C161C06900F0805000900448416823
:101C600021F0E06141F00071416008BD00100240C8
:101C700000000140002809DB00F01F020121914013
:101C80004009800000F1E020C0F80011704700001A
:101C9000F0B40E4B1B680C46C3F30223C3F10705D7
:101CA000042D00D90425191D072901D2002300E0C5
:101CB000DB1E012606FA05F1491E214099409E408F
:101CC000761E16403143F0BC02F0BBB80CED00E0CC
:101CD000064900F0070208684FF6FF03184040EA83
:101CE0000220034A10430860704700000CED00E03A
:101CF0000000FA052DE9F84305460078354CC00789
:101D000054D0E0690026C00008D4E06940F080505B
:101D1000E061E069012600F0805000902E480168E3
:101D2000C90512D40168804641F480710160FFF753
:101D30008FFD074605E000BFFFF78AFDC01B642842
:101D400023D8D8F80000C005F6D5206A10F44070FA
:101D500021D0A98801F4407181421CD0206A1F491A
:101D6000012220F440700A6000220A602062C0074D
:101D700011D0FFF76DFD074641F2883808E000BF3B
:101D8000FFF766FDC11B414502D90320BDE8F8837A
:101D9000206A8007F4D5206A696820F440700843FF
:101DA00020621EB1E06920F08050E0612878800751
:101DB00005D56068A96820F4404008436060287831
:101DC000C00605D56068E96820F4800008436060BB
:101DD0000020DBE700100240007000404004424257
:101DE0002DE9F0470F46050061D0434E306800F002
:101DF0000700B84209D2306820F00700384330604D
:101E0000306800F00700B84251D128683B4C810788
:101E100012D5400703D5606840F4E0606060287820
:101E2000000703D5606840F4605060606068A9688E
:101E300020F0F000084360602878C00728D0686868
:101E4000012810D02168022810D0890700292EDA35
:101E5000616821F0030101436160FFF7F9FC8046EE
:101E600041F288390DE021688903EFE78901EDE748
:101E7000FFF7EEFCA0EB0801494502D90320BDE8BD
:101E8000F0876068696800F00C00B0EB810FEFD15B
:101E9000306800F00700B8420BD9306820F0070026
:101EA00038433060306800F00700B84201D00120AC
:101EB000E5E72878400705D56068E96820F4E06028
:101EC000084360602878000706D56068296920F417
:101ED000605040EAC100606000F048F86168084A5C
:101EE000C1F30311515CC840064908600648006808
:101EF000FFF756FE0020C2E700200240001002401B
:101F0000DE670008440000203C0000200F22026031
:101F10000C4A536803F003034360536803F0F00373
:101F20008360536803F4E063C36052684FF4E06376
:101F300003EAD20202610448006800F0070008606A
:101F4000704700000010024000200240044805498C
:101F500000684968044AC1F30221515CC8407047D7
:101F60004400002000100240EE6700080E4A51684D
:101F70000E4801F00C03042B11D0082B0FD10C4894
:101F8000C1F38343C903C05C0AD55168084AC1F351
:101F90004041921E515C054A5043B0FBF1F070473E
:101FA00004494843704700000010024000127A00C4
:101FB000CE67000800093D002DE9F84F040070D0FD
:101FC0002078C04DC00749D06868C0F3810001285F
:101FD00007D06868C0F38100022809D16868C0038F
:101FE00006D52868800339D560680028E7D035E039
:101FF0006068B0F5803F0BD010B1B0F5A02F11D0C4
:10200000286820F480302860286820F4802002E0CE
:10201000286840F480302860606890B1FFF718FCB1
:1020200006460AE0286840F480202860F0E700BFF8
:10203000FFF70EFC801B642873D828688003F7D54F
:102040000CE0FFF705FC064605E000BFFFF700FCCB
:10205000801B6428F0D828688003F7D420789A4E33
:1020600080074FF001094FF0000839D5686810F07B
:102070000C0F07D06868C0F38100022809D1686896
:10208000C00306D42868800714D52069012808D128
:1020900010E02069B0B1C6F80090FFF7D9FB074601
:1020A00005E00AE1FFF7D4FBC01B0228C4D828686A
:1020B0008007F7D52868616920F0F80040EAC10080
:1020C00028600DE0C6F80080FFF7C2FB074604E079
:1020D000FFF7BEFBC01B022823D828688007F7D46F
:1020E000207800072CD57948A169D9B1C0F80090B3
:1020F000FFF7AEFB074604E0FFF7AAFBC01B022870
:102100000FD8686A8007F7D571484FF4FA51006814
:10211000B0FBF1F0009000BF0098411E0091FAD290
:102120000EE080E0C0F80080FFF792FB074604E075
:10213000FFF78EFBC01B022875D8686A8007F7D4AA
:102140002078400760D5E8690027C00008D4E86916
:1021500040F08050E861E869012700F0805000906D
:102160005C480168C90513D40168834641F4807155
:102170000160FFF76DFB824606E000BFFFF768FBDA
:10218000A0EB0A0064284ED8DBF80000C005F5D5A6
:10219000E06801280AD008B1052813D0286A20F089
:1021A00001002862286A20F0040002E0286A40F05A
:1021B00001002862E06841F2883B98B1FFF748FBD4
:1021C00082460BE0286A40F004002862EEE700BF78
:1021D000FFF73EFBA0EB0A0159455AD8286A800751
:1021E000F6D50CE0FFF734FB824605E0FFF730FB45
:1021F000A0EB0A0159454CD8286A8007F6D41FB1D4
:10220000E86920F08050E861E06988B36968C1F34B
:102210008101022944D00228C6F8608004D0FFF76B
:1022200017FB044638E034E0FFF712FB074604E0F2
:10223000FFF70EFBC01B02282BD828688001F7D4BB
:10224000206AB0F5803F05D16868A16820F40030AD
:1022500008436860D4E908010843696821F47411EF
:1022600008436860C6F86090FFF7F2FA044606E09B
:1022700025E000BFFFF7ECFA001B022809D8286808
:102280008001F7D51BE000BFFFF7E2FA001B022830
:1022900002D90320BDE8F88F28688001F4D40EE04D
:1022A0000128F7D06868226A00F48031914204D195
:1022B000616A00F47010884201D00120EAE7002032
:1022C000E8E7000000100240000042428004424261
:1022D00044000020007000407047704710B590F82F
:1022E0003C20012A22D0012280F83C20CA688C6858
:1022F00022F4407222434C6822F4806222430C682C
:1023000022F4006222430C6922F4805222434C6979
:1023100022F400522243C969002322F480420A4376
:1023200001684A6480F83C30002010BD022010BDD6
:1023300070B590F83C20012A26D0012480F83C405A
:10234000022280F83D2003685A689D6822F07006DA
:102350000A6832435A600D4B02689A4208D0B2F1C3
:10236000804F05D00A4B9A4202D00A4B9A4204D1C0
:10237000496825F080031943916080F83D400021B1
:1023800080F83C10084670BD022070BD002C014052
:10239000000400400008004010B5040003D094F889
:1023A0003D0010B107E0012010BD002084F83C0082
:1023B000204600F01FF8022084F83D00211D20680F
:1023C00001F024FB012084F8460084F83E0084F8E4
:1023D0003F0084F8400084F8410084F8420084F80B
:1023E000430084F8440084F8450084F83D00002050
:1023F00010BD000008B5174A01681748914207D17F
:10240000816941F400618161806900F400601EE02F
:10241000B1F1804F14D0114A914219D1C16941F0F4
:102420000201C161C069002200F002000090114663
:102430001D20FFF72DFCBDE808401D20FFF71ABC4A
:10244000C16941F00101C161C06900F00100009063
:1024500008BD0000002C01400010024000040040B4
:1024600090F83D10012901D001207047022180F829
:102470003D100168CA6842F00102CA6000680B4959
:10248000884208D0B0F1804F05D00949884202D077
:102490000849884204D1816801F00701062903D068
:1024A000016841F00101016000207047002C0140EB
:1024B000000400400008004070B5044690F83C005D
:1024C0000025012817D0012684F83C60022084F8FA
:1024D0003D002068826822F0770222F47F42826009
:1024E0000868502838D00DDC20284FD005DC90B388
:1024F000102811D14AE0022070BD302846D0402873
:102500000AD13BE060282FD070280DD0B0F5805F55
:1025100003D0B0F5005F12D0012584F83D600020A3
:1025200084F83C00284670BDCB68D1E901212068C1
:1025300001F0B5FA2068816841F0770109E0CB68C5
:10254000D1E90121206801F0AAFA2068816841F4EC
:1025500080418160E1E719E0CA684968206801F0BC
:1025600053FB5021206806E0CA684968206801F0E2
:102570005CFB6021206801F09CFACEE7CA684968DC
:10258000206801F041FB40212068F4E72268014601
:102590001046F0E770472DE9F04104460068C66830
:1025A00005694FF00007A90713D5B10711D5F91E2A
:1025B000016101202077206880698007204602D0D1
:1025C000FFF7E8FF04E000F0B1F8204600F043F91F
:1025D0002777680716D5700714D521686FF00400B7
:1025E0000861022020772068806910F4407F20462F
:1025F00002D0FFF7CFFF04E000F098F8204600F08B
:102600002AF92777280715D5300713D521686FF0E9
:1026100008000861042020772068C06980072046F0
:1026200002D0FFF7B7FF04E000F080F8204600F08A
:1026300012F92777E80616D5F00614D521686FF051
:1026400010000861082020772068C06910F4407FDE
:10265000204602D0FFF79EFF04E000F067F8204616
:1026600000F0F9F82777E80708D0F00706D02168CE
:102670006FF001000861204600F074F9280608D5C3
:10268000300606D521686FF0800008612046FFF70C
:1026900023FE680608D5700606D521686FF0400055
:1026A0000861204600F07EF9A8060AD5B00608D5D4
:1026B00021686FF0200008612046BDE8F041FFF777
:1026C0000CBEBDE8F081000010B586B0002100917D
:1026D000019102910391124C03681249022212489F
:1026E000A34209D18B6943F004038B61896901F02E
:1026F0000401049181150BE0B3F1804F0ED18B6979
:1027000043F004038B61896901F0040104910821FD
:10271000CDE9001269460392FEF798FF06B010BD9E
:10272000002C01400010024000080140704770B5C5
:10273000044690F83C0000260D4601280FD00120E9
:1027400084F83C006AB1042A1DD0082A2FD00C2A34
:102750003FD00126002084F83C00304670BD0220A6
:1027600070BD206801F0AEF92068816941F0080170
:1027700081612068816921F004018161206881699B
:102780002A69114311E0206801F0C4F920688169C9
:1027900041F4006181612068816921F48061816177
:1027A000206881692A6941EA02218161D2E72068B3
:1027B00001F0DCF92068C16941F00801C1612068BD
:1027C000C16921F00401C1612068C1692A6911430E
:1027D00011E0206801F0F6F92068C16941F4006158
:1027E000C1612068C16921F48061C1612068C1694B
:1027F0002A6941EA0221C161ACE710B5040003D0A7
:1028000094F83D0010B107E0012010BD002084F8CD
:102810003C00204600F01EF8022084F83D00211DF7
:10282000206801F0F3F8012084F8460084F83E00A7
:1028300084F83F0084F8400084F8410084F84200A6
:1028400084F8430084F8440084F8450084F83D008F
:10285000002010BD7047704710B50446022249B1F0
:1028600004290ED0082913D094F84100012816D06D
:10287000012010BD94F83E000128F9D184F83E20D3
:102880000FE094F83F000128F2D184F83F2008E0DF
:1028900094F840000128EBD184F8402001E084F84E
:1028A00041200122206801F0EDF80F49206888429C
:1028B00003D1426C42F4004242642068884208D04E
:1028C000B0F1804F05D00949884202D008498842BA
:1028D00004D1816801F00701062903D0016841F0A5
:1028E00001010160002010BD002C014000040040E7
:1028F0000008004030B504460D460068002201F093
:10290000C1F8174B41F2111120688A10984209D181
:10291000036A0B4206D1036A134203D1436C23F4CA
:10292000004343642068036A0B4206D1016A1142E6
:1029300003D1016821F00101016001203DB1042DA6
:1029400008D0082D09D084F84100002030BD84F85B
:102950003E00FAE784F83F00F7E784F84000F4E728
:10296000002C014010B5044600680B49884201D193
:10297000FFF7FCF80949206888420CD10848017823
:10298000491CC9B20170142905D100210170BDE8AC
:10299000104000F035BA10BD0008004000040040AF
:1029A000340000207047FEE7A8B04FF0000802A8EE
:1029B000CDF89C8002F038F93D4902A802F0A4F954
:1029C000DFF8F0A0DFF8F0B04FF0100902A801F036
:1029D000AFFECDE9009A4C4620230022102102A828
:1029E00002F0EEF8CDE9004B20230022502102A88E
:1029F00002F0E6F83149481EFDF7DDFFE0BB2F4C41
:102A00000A25641E2E4E20782027B0FBF5F006EB39
:102A10008010CDE90070102318220C2102A802F0CA
:102A2000CFF820781023B0FBF5F105FB110006EB81
:102A30008010CDE900701822222102A802F0C0F80F
:102A400060781023B0FBF5F006EB8010CDE9007044
:102A500018224C2102A802F0B3F860781023B0FBD2
:102A6000F5F105FB110006EB8010CDE9007018228E
:102A7000622102A802F0A4F802A802F026F94FF49D
:102A80007A7003F035F90F48002227A9006803F097
:102A9000C9FB9DF89D00012898D10B48006803F000
:102AA0007DF9002003F0F0F98DF89D808EE700009D
:102AB0006A7E00082076000860760008DD000020AD
:102AC000D6680008000000201400002001684A6950
:102AD000D24352050FD46FF480624A61002140F85E
:102AE000301F202242738173026942F004020261A6
:102AF000017301207047002070470000F8B50446BC
:102B0000C06A1E460D461746082807D0012805D082
:102B100010F5803F02D0206B122804D12068016894
:102B200041F480710160134600224FF001112046EC
:102B3000009600F05DF840B120680068C00502D53D
:102B40004FF4007020640320F8BD2069B0F5804F79
:102B50000ED00620216800EAD51040F0F000086190
:102B600033463A460B49204600F08AF878B902E02D
:102B700005F0FE0000E0E8B221680861054933462F
:102B80003A46891F204600F07BF80028DCD001205F
:102B9000F8BD00000800010070B516460D46044659
:102BA0001EE02046FFF792FF08B1012070BD681CAF
:102BB00016D0FEF74DFE801BA84200D885B92068CC
:102BC0004069C04340070BD5002044F8300F202156
:102BD0006173A073216941F0200121612073E4E752
:102BE00020684069C0434007DBD4002070BD00006E
:102BF0002DE9F047984617460D460446C1F30746AF
:102C0000DDF820902AE000BFB8F1FF3F26D0FEF7A4
:102C10001FFEA0EB0901414502D8B8F1000F1DD1FC
:102C20002068012E16D0806925EA00000004000CFF
:102C300012D00020B84211D1002044F8300F2021DA
:102C40006173A073216941F020012161207301208B
:102C5000BDE8F0874069E7E70120EBE72068012E37
:102C60000AD0806925EA00000004000C06D000208C
:102C7000B842C9D00020EBE74069F3E70120F7E74D
:102C80002DE9F047984616460D4604464FF00009D8
:102C90004FF0200AC1F3074723E020684069C04392
:102CA000400515D42068016841F400710160216875
:102CB0006FF480604861C4F8309084F83DA084F8D7
:102CC0003E90216C41F00401216484F83C9021E0A5
:102CD000701C06D0FEF7BCFDA0EB0800B04203D884
:102CE00016B1012F1FD021E02068012F15D0806977
:102CF00025EA00000004000C18D000BF44F8309F03
:102D000084F80DA084F80E90216941F02001216122
:102D100084F80C900120BDE8F087406925EA0000A6
:102D20000004000CEAD12068406901E02068806955
:102D300025EA00000004000CAFD1ECE770B51646A0
:102D40000D4604461EE02046FFF7C0FE08B10120F4
:102D500070BD681C16D0FEF77BFD801BA84200D812
:102D600085B920684069C04300060BD5002044F8AF
:102D7000300F20216173A073216941F0200121618E
:102D80002073E4E720684069C0430006DBD40020DC
:102D900070BD10B5002202EB4203002103445C5CCD
:102DA0003CB1491C0329FADB521C032AF3DB012046
:102DB00010BD002010BD000010B5104C4FF4006194
:102DC0002046FEF733FD80B121152046FEF72EFD8B
:102DD00068B102212046FEF729FD50B101212046AD
:102DE000FEF724FD38B1002010BD012010BD0220E7
:102DF00010BD032010BD042010BD0000000C0140D8
:102E0000F8B5214C20786070FFF7D6FF20700021C4
:102E10000091617801251D4E012909D1002831D189
:102E20008DF8005000231A466946306803F0C2F955
:102E3000607802280AD12078002823D18DF801502B
:102E400000231A466946306803F0B4F96078032815
:102E50000AD12078002815D18DF8025000231A4697
:102E60006946306803F0A6F9607804280AD1207812
:102E7000002807D18DF8035000231A4669463068B0
:102E800003F098F9F8BD0000F000002000000020D9
:102E90003EB5002416480094019414490294016040
:102EA0008915816004730475022505614FF4602162
:102EB0004460C161FEF74EF908B1FDF77DFE009454
:102EC000012469460A48CDE90145FEF7BDF808B17D
:102ED000FDF772FE69460648CDE90045FEF7B4F8F5
:102EE000002801D0FDF768FE3EBD0000002401402F
:102EF0001C010020094808B5416941F00101416108
:102F00004069002200F00100009011460B20FEF7FE
:102F1000BFFEBDE808400B20FEF7ACBE001002402B
:102F20002DE9F04186B000242848009401940294D1
:102F30000394816941F010018161816901F0100100
:102F40000491816941F020018161816901F02001D2
:102F50000491816941F004018161816901F00401FA
:102F60000491816941F0080181618069012200F0CA
:102F70000800174F5503049029463846FEF763FCB6
:102F8000DFF85080012204214046FEF75CFC112648
:102F9000CDE90056022569463846CDE90245FEF7DF
:102FA00055FB0420CDE900060126CDE902656946FE
:102FB0004046FEF74BFB40F603408DE85100694662
:102FC0000548FEF743FB06B0BDE8F0810010024063
:102FD0000010014000080140000C01400D4810B5F0
:102FE0000B4901600C49416000214FF4804281602F
:102FF000C0E9031241618161C1610162FEF72EFCEB
:10300000002803D0BDE81040FDF7D6BD10BD00007C
:103010000054004090010020801A060010B596B0C0
:1030200000240F9410941194129413941C2108A856
:103030001494FDF77CF920216846FDF778F92A48B9
:10304000284901604721C0E9011440F2E731C0E995
:1030500003148021C0E90541FFF79EF908B1FDF78F
:10306000ABFD4FF480500F900FA91F48FFF724FAD3
:1030700008B1FDF7A1FD1C48FFF7BFFB08B1FDF744
:103080009BFD139413A918481494FFF751F908B144
:10309000FDF792FD6020089040F2F310CDE909049D
:1030A0000B940C940D94002208A90F480E94FFF77E
:1030B0003EFB08B1FDF780FD00944FF40050CDE9D0
:1030C0000440029401940394694607480794FFF76B
:1030D00005F908B1FDF770FD0348FFF7F5FA16B0E2
:1030E00010BD0000002C0140E401002010B58EB09E
:1030F00000240794089409940A940B941C216846B0
:103100000C94FDF714F91F484FF0804101604721EE
:10311000C0E9011440F2E731C0E903148021816164
:10312000FFF73AF908B1FDF747FD4FF480500790DB
:1031300007A91448FFF7C0F908B1FDF73DFD114894
:10314000FFF75BFB08B1FDF737FD0B940BA90D48AA
:103150000C94FFF7EDF808B1FDF72EFD602000900C
:1031600040F2F310CDE901040C22694605480494AD
:10317000FFF7DDFA08B1FDF71FFD0248FFF7A4FADB
:103180000EB010BD2C02002010B586B000241748E8
:1031900000940194029403940494134905940160EB
:1031A00041F61F41C0E901140921C0E9031480213F
:1031B0008161FFF7F1F808B1FDF7FEFC4FF4805094
:1031C000009069460948FFF777F908B1FDF7F4FC6C
:1031D000049404A905480594FFF7AAF8002801D033
:1031E000FDF7EAFC06B010BD0004004074020020A8
:1031F000FEE70000A8B0002502A8279501F014FD05
:103200005B4902A801F080FDDFF868814FF01009EA
:103210004FF0010A4FF0020B302602A801F088FAA5
:10322000554844464F460078082308EB0010CDE986
:1032300000900022582102A801F0C2FC4F48082348
:1032400000220078602104EB0010CDE9007002A894
:1032500001F0B6FC4A48082300220078702104EBF4
:103260000010CDE9007002A801F0AAFC454808232F
:1032700000220078782104EB0010CDE9007002A84C
:1032800001F09EFCCDE900BA54465F4602230422B9
:103290006B2102A801F00BFCCDE900740223092286
:1032A0006B2102A801F003FC00240F2706EBC401E8
:1032B00002233C2202A8009701F074FA641CE4B2D5
:1032C000052CF3D302A8FDF735FC02A801F0FDFCA4
:1032D0002D48002227A9006802F0A4FF9DF89C0059
:1032E000012816D09DF89D0001282DD09DF89E0044
:1032F000012833D09DF89F0001288ED1234908680A
:10330000401C0860042801DD042008608DF89F50EF
:1033100083E71E48006805280DD2DFE800F00305AA
:103320000F1113001A4800E01A48006802F036FD39
:10333000002002F0A9FD8DF89C506EE71648F4E7D6
:103340001648F2E71648F0E71648006802F026FD36
:10335000002002F099FD8DF89D505EE70B48016852
:10336000491E016000D505608DF89E5055E70000AC
:10337000A076000836680008BF000020BC000020CE
:10338000C0000020BD00002000000020C40000207C
:103390002C00002028000020200000202400002015
:1033A0001C00002010000020A8B04A4800252795E6
:1033B0000068456329464748FFF74EFA02A801F026
:1033C00033FCDFF81481DFF814A1DFF814B1DFF863
:1033D0001491454F454E102402A801F0A9F9307808
:1033E00010B101280ED104E03023102240482821DA
:1033F00003E04048402310222021CDE9004002A8EC
:1034000001F0DEFBCDE9004810232822182102A894
:1034100001F0D6FBCDE9004A10232822582102A84A
:1034200001F0CEFB3878D8B1012802D0022809D1AA
:1034300016E031481023CDE900402822382102A8A7
:1034400001F0BEFB02A801F040FC002227A9D9F838
:10345000000002F0E7FE9DF89C00012807D017E06D
:10346000CDE9004B10232822382102A8E8E738785C
:1034700020B1012805D0022806D007E000F064F84A
:1034800004E000F03DF801E000F04AF88DF89C50AF
:103490009DF89D0001280BD100F072F81748357097
:1034A000006802F07BFC002002F0EEFC8DF89D50DD
:1034B0009DF89E0001280AD13078401C00F00100E0
:1034C000307000F05DF800F03FF88DF89E5000F08D
:1034D00065F881E7E4010020A0750008C0750008C8
:1034E0000076000800000020FC000020FD00002005
:1034F000C074000820750008E07500081400002062
:1035000010B5054C05490220207009680020486369
:10351000FEF79EF9A06010BDFC000020E401002031
:1035200010B5084C012020706188206930F8210016
:10353000FDF798F9FEF78CF9A168401AE168084494
:10354000E06010BDFC00002010B50A4C0120207086
:10355000607818B1012803D0206903E0064800E034
:10356000064820610088FDF77DF9FEF771F960607B
:1035700010BD0000FC0000202C720008D87200086A
:103580000449054A00200870126850634880C860EA
:1035900070470000FC000020E401002070B5164CCC
:1035A0002078012822D16188206900EB81004688BB
:1035B000FEF74EF9E168451A6068281AB04215D343
:1035C0000E490020096848630520FEF72DF8608841
:1035D000401C80B26080216931F82000A0F57F4155
:1035E000FF3904D0FDF73EF96D1D656070BDBDE883
:1035F0007040FFF7C5BF0000FC000020E401002080
:10360000FEE710B5002101EB41021318845C5A78E3
:10361000944208D19B789A4205D122B101EB410135
:103620000844407810BD491C0329ECDB00214318F5
:10363000445CDA78944206D19B799A4203D112B164
:103640000844C07810BD491C0329F0DB02780179D9
:103650008A4203D1027A914200D131B982788A42FA
:1036600005D18279914202D109B1084610BDFFF718
:1036700090FB0028FAD0032010BD0000A8B0002065
:10368000279002A801F0D0FAA64902A801F03CFB5D
:10369000A54EDFF898A2A64C20274FF0100B4FF054
:1036A00004084FF0010902A801F042F8207801282F
:1036B00003D19AF80000C00711D16079102306EBFE
:1036C0008010CDE900701A46002102A801F078FAB6
:1036D0002078022803D19AF80000C00711D1A07801
:1036E000102306EB8010CDE900701A46182102A8BD
:1036F00001F066FA2078032803D19AF80000C00789
:1037000011D1A079102306EB8010CDE900701A4684
:10371000362102A801F054FA2078042803D19AF83F
:103720000000C00711D1E078102306EB8010CDE92E
:1037300000701A464E2102A801F042FA20780528AE
:1037400003D19AF80000C00712D17A48E179082322
:1037500000EB0110CDE900B01B22662102A801F0A8
:103760002FFA2078062803D19AF80000C0070BD161
:1037700070482179082300EB0110CDE900B01B222D
:103780006E2102A801F01CFA4D46042319222E21B5
:1037900002A8CDE9008901F08AF9CDE9008504236A
:1037A00021222E2102A801F082F963482023CDE9CD
:1037B00000B03022002102A801F002FA5FA33F22EC
:1037C000602102A801F0EEF902A801F07EFA5D483E
:1037D000002227A9006802F025FD9DF89C00012821
:1037E00019D16078A0B15849607908705749A0781C
:1037F00008705749A07908705648E1780170564919
:10380000E0790870554920790870002020706070B8
:1038100000208DF89C009DF89D00012813D1002503
:103820006571A570A571E570E57125714C4884F846
:10383000009084F80190006802F0B0FA002002F0D5
:1038400023FB8DF89D509DF89E0001280CD16078D7
:1038500038B12078401CC0B22070062801D984F805
:10386000009000208DF89E009DF89F0001287FF4B5
:103870001AAF607830B3207807284ED2DFE800F026
:103880004D041526303A44006079401CC0B2607186
:10389000A178032902D900F0010004E00321B0FB64
:1038A000F1F201FB1200607137E0A078401CC0B259
:1038B000A0706179022906D00A21B0FBF1F201FB68
:1038C0001200A07029E000F00300FAE7A079401C84
:1038D000C0B20621B0FBF1F201FB1200A0711CE0A6
:1038E000E078401CC0B20A21B0FBF1F201FB1200EB
:1038F000E07012E0E079401CC0B20621B0FBF1F2AA
:1039000001FB1200E07108E02079401CC1B20A20DE
:10391000B1FBF0F200FB1210207100208DF89F0027
:10392000C1E600006A7E0008D6680008D8000020C2
:10393000DE00002036680008EC710008E8BF94E55E
:103940009B9E000000000020BF000020BC00002063
:10395000C0000020BD000020C1000020BE000020EB
:103960001000002010B502F02FFD012803D0BDE8A3
:10397000104002F01FBB10BD30B593B0282168463F
:10398000FCF7D5FC14210AA8FCF7D1FC0025012086
:103990000F9510951195010412958DE82300049060
:1039A0004FF4E010CDE90810022407946846FEF7B2
:1039B00003FB08B172B6FEE70AA90F2081E83100C7
:1039C0004FF48060CDE90D0502210AA8FEF708FA40
:1039D00008B172B6FEE74FF4004011900F940FA8A3
:1039E000FEF788F9002801D072B6FEE713B030BDAB
:1039F000704700000148FEF7CEBD000074020020B1
:103A00000148FEF7C8BD0000BC020020F0B5026806
:103A1000194B1A4C1A4D4FF08047984205D0B842C6
:103A200003D0A04201D0A84203D122F070064A6818
:103A30003243984205D0B84203D0A04201D0A842F8
:103A400003D122F44074CA6822434C6922F08002F8
:103A5000224302608A68C2620A688262984201D187
:103A600009690163012141610169C90703D0016945
:103A700021F001010161F0BD002C01400004004073
:103A80000008004010B501F01F030121046A9940AD
:103A90008C430462016A9A401143016210BD10B563
:103AA000846842EA032224F47F440A43224382606A
:103AB00010BD826822F070020A4342F00701816063
:103AC0007047000030B5036A026A22F00102026208
:103AD0004268846924F073050C682C4323F00205C6
:103AE0008B682B430A4DA8420BD123F00805CB6805
:103AF00022F440722B434D6923F0040315438A6975
:103B00002A434260846149684163036230BD00001A
:103B1000002C014030B5026A036A23F010030362EF
:103B2000436884690D6824F4E64444EA05248D68FA
:103B300022F0200242EA05120B4DA8420ED1CD68B8
:103B400022F0800242EA05124D6923F4406343EA01
:103B500085038D6922F0400243EA85034360846156
:103B600049688163026230BD002C014030B5036AB0
:103B7000026A22F4807202624268C46923F400730C
:103B800024F073050C682C438D6843EA05230C4D23
:103B9000A8420ED1CD6823F4006343EA05234D69A2
:103BA00022F4405242EA05128D6923F4806342EA0E
:103BB00005124260C4614968C163036230BD000000
:103BC000002C014030B5046A026A22F4805202627D
:103BD0004268C3690D6823F4E64343EA05238D6810
:103BE00024F4005444EA0534064DA84204D14D693A
:103BF00022F4804242EA85124260C361496801644E
:103C0000046230BD002C014010B5036A046A24F040
:103C100001040462846924F0F00444EA021423F0ED
:103C20000A020A438461026210BD10B5036A046A85
:103C300024F010040462846923F0A00324F4704487
:103C400044EA023243EA01118261016210BD0000C0
:103C50006948A8B0006802F017F9DFF8A0A1DAF807
:103C6000000002F011F96648006802F00DF965489D
:103C7000006802F009F96448006802F005F9634839
:103C8000006802F001F96248006802F0FDF8DFF810
:103C90008491D9F8000002F0F7F84FF0000802A86C
:103CA000CDF89C8000F0C0FF5B4902A801F02CF821
:103CB0001025DFF868B1202702A800F039FD584828
:103CC0000022CDE900501023114602A800F078FF31
:103CD00054481023CDE900500022702102A800F0C2
:103CE0006FFF514C10235E46E0781A460BEB8010B4
:103CF000CDE90070002102A800F062FF20781023B7
:103D000006EB8010CDE900701A46182102A800F0D9
:103D100057FF2079102306EB8010CDE900701A467A
:103D2000362102A800F04CFF6078102306EB8010CB
:103D3000CDE900701A464E2102A800F041FF3B4E2B
:103D40006079082306EB0010CDE900501B226621A4
:103D500002A800F035FFA078082306EB0010CDE99B
:103D600000501B226E2102A800F02AFF0426012425
:103D7000CDE90064334619222E2102A800F097FEF7
:103D8000CDE90064042321222E2102A800F08FFE39
:103D900027A33F22002102A800F004FF2648202389
:103DA000CDE900503022602102A800F009FF02A8EE
:103DB00000F08BFF2148002227A9006802F032FAA8
:103DC0009DF89C00012808D1DAF8000001F0E6FF18
:103DD000002002F059F88DF89C809DF89D00012884
:103DE0007FF46AAFD9F8000001F0D8FF002002F09C
:103DF0004BF88DF89D805FE70C0000201400002038
:103E00001C000020200000202400002028000020AA
:103E10002C000020300000206A7E0008D6680008D0
:103E2000F667000816680008BC0000203668000825
:103E3000E88F9CE58D950000566B0008000000207F
:103E4000FEE70907090E002804DB00F1E02080F8F6
:103E50000014704700F00F0000F1E02080F8141DFE
:103E6000704700002A4810B58178491CC9B281709A
:103E70000A2928D1002181704279521CD2B24271A4
:103E8000062A20D141714278521CD2B242700A2ACD
:103E900019D141700279521CD2B20271062A12D194
:103EA00001710278521CD2B202700A2A03D1017049
:103EB000C278521CC270C278022A04D10278042A45
:103EC00001D1C170017013490278097891421DD166
:103ED000114942780978914218D11049C27809787D
:103EE000914213D10E490279097891420ED141795C
:103EF00000290BD18078002808D141F288314FF495
:103F0000FA70FCF787FC07490120087010BD00001B
:103F1000BC000020E6000020E7000020E8000020B0
:103F2000E9000020C80000200248C168491CC160A7
:103F300070470000CC000020FDF720FEFFF71CFDBD
:103F4000FEF7EEFFFEF7D6FFFFF748F8FFF766F83B
:103F5000FFF71AF9FEF79CFFFFF7C8F80248FEF7D3
:103F60007FFAFCF799FEFEE7740200202DE9F0418C
:103F70001E4C0F460546E6682068001D01F004FE51
:103F800038B9206890F82C100120884021698143BD
:103F90002161681C15D1A7B1154922684868906055
:103FA00023688268DA6022688368121D5A6022687A
:103FB000121D8260206841610868401C0860BDE8ED
:103FC000F08120683544B5424560216805D2E06B38
:103FD000BDE8F041091D01F0FFBDA06B091D01F016
:103FE000FBFDA06A8542EAD2A562E8E7480000200E
:103FF000D40500202DE9F041054601F011FE354CB5
:10400000A068401CA0602068334F10B1606930B3D5
:104010002BE02560A068012827D1002606EB86004A
:1040200007EB800001F0CAFD761C202EF6D32B484A
:1040300001F0C4FD2948143001F0C0FD27482830A4
:1040400001F0BCFD25483C3001F0B8FD234850305C
:1040500001F0B4FD2148A0631430E06305E020685E
:10406000E96AC06A884200D82560606A0121401C64
:104070006062E86A226981401143216100EB80009F
:1040800007EB80004068A8608168E9608268291DAC
:1040900051608160E86A00EB800007EB8001696194
:1040A00057F82010491C47F8201001F0C7FD60693F
:1040B00000280CD02068E96AC06A884207D2084903
:1040C0004FF080500860BFF34F8FBFF36F8FBDE894
:1040D000F081000048000020040300208405002037
:1040E00004ED00E010B501F09BFD0C4C206880B998
:1040F0000B4801F063FD0A48143001F05FFD0848E9
:10410000E0601430206100220C21052001F068FFDE
:104110002060BDE8104001F091BD00008800002043
:10412000E805002030B4026C0B46002A0BD0C168B1
:104130001144C1608468A14201D30168C16030BCF0
:104140001846FCF78DB830BC70472DE9F041856BFF
:10415000164604460027026CFAB17EB1E068FCF70F
:104160007FF8E168206C091AE1602268914202D26E
:10417000A168081AE060022E0DD00EE06068FCF71E
:104180006FF8216C606808446060A168884204D3BD
:104190002068606001E005B16D1E6D1CA5633846A6
:1041A000BDE8F08110B50446006B01F051FD2046DA
:1041B000BDE8104001F04CBD0E484FF420514207BD
:1041C00006D0C01D0B4920F00700411AC1F520514F
:1041D000094A00230144C2E900030839143A21F0D6
:1041E000070111604B600B600B1AC0E9001393606C
:1041F0005360704710060020B4000020144E154C88
:10420000A6F52F774FF08058DFF84C9012E000BFF2
:1042100001F006FDF068C568281D01F0B5FCA06836
:10422000401EA0606068401E606001F007FD2846E7
:10423000FFF7B8FF60680028EAD138680128F9D98B
:10424000C9F80080BFF34F8FBFF36F8FF2E7000014
:10425000C00500204800002004ED00E02DE9F047F3
:104260009946DDE9096480466FF00303206B03EB98
:104270008202089D104420F0070761B10020231836
:104280000A5C83F834200A5C12B1401C1028F6D373
:10429000002084F84300202D00D31F25201DE56257
:1042A00001F097FC04F1180001F093FC2461C5F1C2
:1042B00020006462A0614A464146384600F006FA92
:1042C0002060002E00D03460BDE8F08730B5114981
:1042D00000E011460A688242FBD34B685C188442B6
:1042E00003D1406818444860084643681C1894424B
:1042F00009D1084C143C2468A24209D052681A44DF
:1043000042600A6812680260814200D0086030BDD5
:104310000460F9E7B400002070B5002441600B4D43
:104320000061914206D8D11A8269914206D2011DDC
:10433000286907E09A4203D2994201D3012403E09D
:10434000011DE86801F048FC204670BD880000208F
:1043500010B5044601F064FCA06B28B15FF00004C6
:1043600001F06CFC204610BD0124F9E770B506464B
:104370000D480D46C068C068C468201D01F004FCEB
:1043800094F82400410705D52A463146204600F01E
:10439000ABF803E000F0FE0084F824002046216A18
:1043A000BDE8704008470000880000207FB5324E0D
:1043B0005AE00098002857DB029C606910B1201D6C
:1043C00001F0E2FB03A800F0B1F8054600980A28C6
:1043D0004AD2DFE800F0490505282E3D0505282EC4
:1043E00094F824002A4640F0010084F82400019942
:1043F000A069019B01442046FFF78EFF38B394F873
:104400002400410707D50198A1692A4601442046A6
:1044100000F06AF803E000F0FE0084F82400216A4E
:104420002046884720E014F8240F00F0FE0020709A
:104430001AE094F824002B4640F0010084F8240090
:104440000198A06141191A462046FFF765FF0BE06D
:1044500094F82400810703D4204601F0F9FB03E01F
:1044600000F0FE0084F8240000226946306801F064
:10447000D9FE00289DD17FBD88000020F8B50D46EB
:10448000064601F055FD684600F050F804460098D5
:1044900010B102F0A5F8F8BD1148ADB10169096885
:1044A000D9B10025311B2A46006801F0FFFB02F05C
:1044B00097F80028EFD10B494FF080500860BFF308
:1044C0004F8FBFF36F8FF8BDA642EBD802F088F88C
:1044D00021463046FFF74AFFF8BD0125E2E700001C
:1044E0008800002004ED00E070B516460C46054635
:1044F00004E0A869296A044428468847A869234635
:10450000011932462846FFF707FF0028F1D170BD98
:104510000548816B096821B1816BC96809688162AE
:1045200070474FF0FF31FAE7480000202DE9F041D5
:10453000064601F057FF0E4C0546A068854214D28E
:104540004FF0FF3704E0C06839460068FFF70EFF00
:10455000E06801680029F6D12169C4E9031001204F
:1045600030602846A560BDE8F0810020F8E7000033
:1045700088000020BF2080F31188BFF34F8FBFF366
:104580006F8FFEE7064B426900219A4206D1806A8E
:10459000A3F12802904201D000B9012108467047DA
:1045A000D4050020074CE068016841B1C0680021D3
:1045B000D0F80000FFF762FFFFF7F8FEF3E70121F4
:1045C0000020F7E7880000202DE9F041044601F0C3
:1045D00027FB94F9455004F1240609E0606A48B1CC
:1045E000304601F097FF08B101F0A2FB6D1E6DB2DD
:1045F000002DF3DC4FF0FF3684F8456001F01EFB20
:1046000001F00EFB94F9445004F1100709E0206911
:1046100048B1384601F07EFF08B101F089FB6D1EFC
:104620006DB2002DF3DC84F84460BDE8F04101F088
:1046300005BB000070B50446002601F079FC224D50
:10464000286808B9FFF7B8FDCCB304F00700C0F143
:104650001000C1438C4232D8211800292FDD686830
:1046600081422CD8184814300246146801E02046D4
:10467000144662688A4202D22268002AF7D12A6868
:1046800094421CD006682268026060680836421AAC
:10469000102A04D9601842606160FFF717FE616854
:1046A0006868401A6860AA68904200D2A86041F029
:1046B0000040606000202060E868401CE86001F075
:1046C0008FFF304670BD0000A000002010B5031F12
:1046D0004FF080741C601B1F21F001011960191F2D
:1046E000024B0B60143940380A6010BD7545000854
:1046F00008B500200C4D441E0090224669462868EB
:1047000001F090FD9DF80000012803D10021074829
:10471000FEF7A2F89DF801000128EED10021034820
:10472000FEF7E8F8E9E7000000000020E4010020BF
:1047300001680A7C90F83810406B5143C900FBF7C0
:10474000D4BD10B5044600F061FA204600F09EFA90
:104750000028FAD12046BDE81040002100F0BEBA82
:104760002DE9F8438146089C1E46101980B200903E
:10477000881983B215468846484600F06FFA00282B
:104780000ED00027002C0BD033462A46414648461F
:10479000009700F0C9F86D1C641EADB2A4B2F1E739
:1047A000BDE8F8832DE9F8431C4680461019401CEB
:1047B00080B200900819401C83B21546101B82B2CB
:1047C0000E46081B81B2089F404600F047FA0028B9
:1047D00006D023462A4631464046009700F092FB19
:1047E000BDE8F8832DE9F8431C4680461019401CAB
:1047F00080B200900819401C83B21546101B82B28B
:104800000E46081B81B2089F404600F027FA002898
:1048100006D023462A4631464046009700F004FC65
:10482000BDE8F8832DE9F84F83460A9E9A46901911
:1048300080B201EB0A04009015460F46A3B2584619
:1048400000F00CFA00282FD04FF0000953462A46FA
:1048500039465846CDF8009000F066F8022E23D372
:10486000B61E360405F10105360CADB214D04FF07A
:10487000010833462A4639465846CDF8008000F0F4
:1048800053F8641EA1B233462A465846CDF800803C
:1048900000F04AF8A81985B253462A4639465846C8
:1048A000CDF8009000F040F8BDE8F88F2DE9F04118
:1048B000044690F870001F4615460E4630B1012898
:1048C00009D002280CD0032815D10FE0E16D204655
:1048D0008847284408E0E16D20468847301A09E0FF
:1048E000E16D20468847281A85B204E0E16D204634
:1048F0008847304486B22846A4F86460A4F866006D
:1049000039460025204600F06BFD010003D020460B
:1049100000F096FC85B22846BDE8F08138B5002449
:10492000009400F001F838BD3FB581B0044690F81E
:104930008C00089900283AD0BDF81000002836D025
:10494000012811D9022902D0032907D00CE0BDF8B3
:104950000820101A401CADF8080005E0BDF80C2036
:10496000101A401CADF80C0011F0010521D0B4F86C
:104970004810BDF80800814219D8B4F84A108142A5
:1049800015D9B4F84E30B4F84C2004A90DF10C0040
:1049900000F09AFA00280AD00095206BBDF810307C
:1049A000BDF80C208568BDF808102046A84705B062
:1049B00030BDB4F84C10BDF80C008142F7D8B4F803
:1049C0004E108142F3D9B4F84A30B4F8482004A913
:1049D00002A8DDE72DE9FF4F81B090F89270DDF875
:1049E00038801D460E4681468FB1002082460398CE
:1049F000039A401C80B20090701983B2484600F0C0
:104A00002DF9002839D001244FF0000B31E00120AE
:104A1000ECE700BF98F80000204000230CE05B1C8E
:104A2000761C61009BB2B6B211F0FF0402D10124E2
:104A300008F101086D1EADB255B198F8001001EAF9
:104A4000040110B10029EAD103E00029E7D003E016
:104A500010B189F8927004E099F8910048B989F88A
:104A600092A0F01A81B2CDF800B04846039AFFF741
:104A70005BFF002DCED189F8927005B0BDE8F08FB4
:104A800008B5B0F84C30934210D8B0F84E3093428D
:104A90000CD9B0F848308B4208D8B0F84A308B4275
:104AA00004D9002300930123FFF73EFF08BD2DE941
:104AB000FF4F83B01F46DDE910A402EB0A06B0B237
:104AC000CD19009090468946ABB2039800F0C6F825
:104AD00000285CD009EB04001FFA80FB08EB0400FF
:104AE00081B2281B401E85B2301B401E80B2CDE92A
:104AF000010102200A460090234659460398FFF719
:104B000071FE01200090DDE9022023462946FFF7CF
:104B100069FE0420009023465946019A0398FFF746
:104B200061FE0820009023462946019A0398FFF76A
:104B300059FE0BF101011FFA81FB0299381B491C38
:104B4000001B80B289B20291032811D3801E86B265
:104B5000601C85B233464246594600950398FFF7DC
:104B6000FFFD334600955946019A0398FFF7F8FD7B
:104B7000AAEB0400001B80B2032808D3801E80B279
:104B80000090DDE902203B464946FFF7E9FD07B00A
:104B9000BDE8F08F30B4024C446030BC00F0EEBA97
:104BA0003157000830B4024C446030BC00F0E6BA23
:104BB000F95A000838B501240094FFF7B5FE38BD56
:104BC0002DE9F84F8246DDE90A57D81DC0F3CC081D
:104BD000501980B21C460090081983B216468946C7
:104BE000504600F03BF800280ED00BE0234632463A
:104BF000494650460097FFF7EDFE761C6D1E474470
:104C0000B6B2ADB2002DF1D1BDE8F88F10B50446B3
:104C100090F8930010B12046FFF78AFD2046BDE8CA
:104C20001040002100F05AB810B50446084B094A5C
:104C3000094900F0B1F8204600F037FD0021204678
:104C400000F043FD2046BDE81040FFF77ABD0000AC
:104C5000095600086D570008A4B4000870B50D4649
:104C60001E460446B0F84E10B0F84C00049B00F00D
:104C700014FC002809D0B4F84A10B4F848003346B0
:104C80002A46BDE8704000F008BC70BD70B504460F
:104C900000F093FC94F8390094F838100844C5B239
:104CA0002068407CA84204D8204600F006FD002081
:104CB00070BD94F8930010B12046FFF739FD2946E6
:104CC000204600F00BF8012070BD10B5044600F03E
:104CD00074FC2046BDE8104000F0EFBC10B504465F
:104CE00080F83910006B016820468847206B4168C6
:104CF0002046BDE81040084780F89210032902D3EF
:104D0000012180F89210704710B50446806D8842EA
:104D100009D004F17400A16500F01AFC2046BDE83A
:104D2000104000F055B810BD0149C1657047000042
:104D3000F35100080021A0F85010A0F854104FF6CD
:104D4000FF71A0F85210A0F85610016B496808478F
:104D500070B5044600250498A565E362616384F894
:104D6000382084F8395084F86D5084F8915084F8D4
:104D70008D50012184F8921084F89310206301680B
:104D8000204688472046FFF7D5FF2046FFF7CCFF97
:104D900084F8705070BD00007CB50C46009313463B
:104DA0000546084A084900F098FC01A800F0CAFB33
:104DB0000146064B00949DF804202846FFF7C8FFE3
:104DC0007CBD000089580008B1590008B55400089E
:104DD00010B5816D00291AD090F9813080F88E309D
:104DE00090F9822080F88F2090F88D1000290ED045
:104DF00001290DD090F97E4090F980100C449C421E
:104E000001DD80F88E408A4201DD80F88F1010BDF0
:104E100090F983108B4201DA80F88E1090F984109B
:104E2000F1E72BB1012B05D0022B06D0104402E094
:104E3000084400E0801A80B27047401AFBE72BB1AB
:104E4000012B05D0022B06D0401A02E0104400E0EE
:104E5000084480B27047801AFBE738B50446B0F8C2
:104E600056000090B4F85230B4F85420B4F8501002
:104E70002046FFF7F3FE18B3012084F88C00B4F845
:104E80004810B4F85000814201D2A4F84800B4F8A8
:104E90004A10B4F85200814201D9A4F84A00B4F88B
:104EA0004C10B4F85400814201D2A4F84C00B4F87C
:104EB0004E10B4F85600814201D9A4F84E0038BD16
:104EC000002084F88C0038BD30B504880D88254456
:104ED000ADB2AC4205D99C4202D25D1EADB200E03B
:104EE00014469C4201D2954201D8002030BD944224
:104EF00000D214469D4200D91D460480281B08801C
:104F0000012030BD2DE9FF4FC3F1010083B006B28F
:104F100058429146DDF840A040008B4601271C46D0
:104F2000CDE9009A00250FFA80F85B462246294613
:104F300015E0002E08DB08F102000FFA80F8641E6D
:104F400006EB0800A4B206B26D1CBF1C3FB2CDE94F
:104F5000009AADB2F01906B25B4622462946039884
:104F600000F005F8A542E4D307B0BDE8F08F2DE9C5
:104F7000FF4F83B00E46DDE9108703EB0600029079
:104F80001546A8EB0600019003EB05001C46F90747
:104F9000A8EB050B00900DD002981FFA8BF281B29E
:104FA0000398FFF76DFD019882B2009881B20398D3
:104FB000FFF766FDB907A4EB060AA4EB05090DD5BA
:104FC0001FFA8BF21FFA8AF10398FFF759FD019837
:104FD0001FFA89F182B20398FFF752FD08EB05042E
:104FE000390708EB06050BD50298A2B281B20398E7
:104FF000FFF746FD0098AAB281B20398FFF740FD83
:1050000078070ED5A2B21FFA8AF10398FFF738FD90
:10501000039807B0AAB21FFA89F1BDE8F04FFFF775
:105020002FBD07B0BDE8F08F2DE9FF4FC3F10100A0
:1050300083B006B258429146DDF840A040008B464E
:1050400001271C46CDE9009A00250FFA80F85B463F
:105050002246294615E0002E08DB08F102000FFA6F
:1050600080F8641E06EB0800A4B206B26D1CBF1CDB
:105070003FB2CDE9009AADB2F01906B25B462246C6
:105080002946039800F005F8A542E4D307B0BDE82F
:10509000F08F2DE9FF4F83B0164610980F46A0EB16
:1050A000060B03EB070001901098DDF84490A0EB8D
:1050B000070098465FEAC97103EB060A02F1010591
:1050C00007F1010400900FD00198ABB281B21FFA32
:1050D0008BF20398FFF76EFD0098A3B282B21FFA1D
:1050E0008AF10398FFF766FD5FEA8971A8EB07076D
:1050F000A8EB06060DD5ABB21FFA8BF2B9B2039836
:10510000FFF758FD0098A3B282B2B1B20398FFF73F
:1051100051FD5FEA09700DD50198ABB281B2109ACA
:105120000398FFF747FDA3B21FFA8AF1109A03987C
:10513000FFF740FD5FEA49700ED5ABB2B9B2109AE5
:105140000398FFF737FD109A039807B0A3B2B1B2E6
:10515000BDE8F04FFFF72EBD07B0BDE8F08F38B5C2
:10516000C58F049C0094521BC46A92B2A04738BDFC
:1051700038B5049C0094FFF7F2FF38BD2DE9F047E5
:105180001C4691468846064600F0B2FC00254FF6C4
:10519000FF7772682178304690470346B84225D0A1
:1051A000641CA3F57F40FE38F3D04A4641463046A2
:1051B000FFF77CFB96F8701031B1012907D0022966
:1051C00008D003290FD10AE008EB000104E009EB45
:1051D000000106E0A8EB00011FFA81F803E0A9EB4B
:1051E00000011FFA81F9284485B2D2E72846BDE8BC
:1051F000F0870020704710B50C4600F006F8012239
:10520000641EA240801A40B210BD30B50568047B10
:105210002A78E2406318DBB2082B09D36D1C0560C5
:105220002D78C4F10804A5401543083BEAB2DBB26F
:1052300001248C40641E14400373204630BD0000DE
:105240002DE9F843054600F1600400F00CF915F96A
:105250006B6F2046E97BFFF7CEFF8146297C204615
:10526000FFF7C9FF0746697C20466B3DFFF7C3FF88
:10527000804694F90A00002857DDF019404247B2F1
:10528000237CA0883A464946FFF7CBFDA080237CCB
:105290003A46E0884946FFF7D2FDE080A188277CA6
:1052A00002460B4637B1012F0AD0022F40D0032F00
:1052B0000FD146E094F90A7030443B449BB207E0BA
:1052C000891B491C94F90A705B1C89B29BB2384453
:1052D00080B200902846FFF7C1FC30B30020207256
:1052E00084F8090095F876102046FFF78EFF814676
:1052F00095F877102046FFF788FF074600224946B9
:10530000284600F027F801223946284600F022F806
:1053100001212046FFF779FF0028EFD194F9090019
:10532000B042DFDBA07B85F892004046BDE8F88301
:1053300094F90A705B1CC91B491C89B29BB2921B71
:1053400004E094F90A7033449BB2D21B521C92B20F
:10535000401CBDE72DE9F74F84B00D46049C94F83E
:10536000687094F869806034A07AC01BC6B2019658
:10537000B54200D201954FFA88F279B2A088B4F80C
:1053800006B0237C92468946FFF74BFD0290237CB2
:10539000524649465846FFF752FD0246069808B164
:1053A000A17B02E0607B50B9E17B049880F8921009
:1053B000207C0090DDE901310498FFF7B5FAB54291
:1053C00007D3A81BC5B208F10100002700F0FF08B1
:1053D000CAE77819207284F8098007B0BDE8F08F19
:1053E00070B50D460146806D1730FF2D10D8612D28
:1053F00002D3B1F8881003E0412D02D3B1F8861032
:105400000844417819B30278AA42F9D1801C70BDD2
:10541000B1F88A100C1826460021304600F019F821
:1054200004440221304600F014F8361DA842F3D39C
:105430004FF6FF72207802EA00216078084306D018
:10544000A84201D1E01C70BDA0780444F2E700201E
:1054500070BD08444FF6FF720178407802EA0121DE
:10546000084480B2704730B5054600F1600401661B
:105470000020207315F8781F2046FFF7C6FEA072A3
:1054800069782046FFF7C1FEE072A87EA07310B1D4
:105490000020E07330BD0120FBE78A4205D2834241
:1054A00001D89A4203D9012070478342F9D80020DD
:1054B00070470000F0B502F007060124B440002553
:1054C00090F892E0E7B2DDF814C02C46BEF1010F6F
:1054D00001D83D4600D03C46076822F00702BCF1E7
:1054E000000F3F7C07FB02F7BAB2476B3A44114406
:1054F00009D108785B1E284360401B0401F8010BAA
:105500001B0CF6D1F0BD0A78761C2A436240A3F149
:1055100001030A7016F007069BB206D06A06150E44
:105520006206140E002BEED1F0BD428F114490F8AC
:105530009220012A03D800BF4FF00105F2D04FF0AE
:105540000104EFE70821017000487047192E002080
:1055500070B5054608782870487868708878A87013
:10556000C878E870087928714879687188790C469C
:10557000A871E079E871207A2872607A6872A07A5E
:10558000A872E07AE872207B2873607B6873A07B46
:10559000A873E07BE873207C287411212046FFF774
:1055A00058FF688213212046FFF753FFA882152178
:1055B0002046FFF74EFFE88270BD2DE9F84306460E
:1055C00090F8387090F83950006800244FF6FF7852
:1055D00090F81190316830462A460B7C716B04FBC1
:1055E00003FC1FFA8CFC08EACC0C614400910021FA
:1055F00000F04CF8641C6D1CE4B2EDB2BC4201D268
:105600004D45E7D3BDE8F88310B51046282905D0ED
:10561000292901D0002010BDFCF706F8012010BD9B
:10562000F0B590F838204FF6FF75036805EAC2011F
:105630008187197C05EAC101418790F8394005EA64
:10564000C401C1875E7CA718B74201D9321B92B250
:1056500005EAC20220F8401F11444180998A8180E6
:10566000D98AC180F0BDFFF7DBBF0021A0F8481048
:10567000B0F84410A0F84A10B0F84010A0F84C1050
:10568000B0F84210A0F84E10FFF7E7BB1CB58DF83C
:1056900005108DF80620049C8DF80430009401223A
:1056A00084686B460F21A0471CBD30B4846800237A
:1056B000A44630BC1A460A21604730B484680023EF
:1056C000A44630BC1A461021604730B484680023D9
:1056D000A4460A4630BC0B2160472DE9F04115462F
:1056E0000E460446069F00F009F86761A660C4E90B
:1056F00003532046BDE8F04100F012B8002140F805
:10570000081B064A026042608260C260C1768177EF
:105710000161FF21017780F820107047B55A000819
:1057200030B484680023A44630BC1A46092160477F
:10573000080001D00A2801D14FF6FF70704730B43D
:1057400004690023A44630BC1A461921604713B5EA
:105750000122046901AB1721A0471CBD30B40469C4
:105760000023A44630BC1A461821604738B5154CB2
:10577000182918D004DC142922D0172904D105E0F7
:10578000192913D020291BD0002038BD0E4907E06D
:10579000A07813F8015B0D54401C521EA070D2B2C9
:1057A000002AF5D10CE00020A07009E04FF48071D0
:1057B000009190F82410A378034A0448FCF712F9EA
:1057C000012038BD10010020193200209001002076
:1057D00030B4C4680023A44630BC1A46192160477F
:1057E00030B4C4680023A4460A4630BC1621604782
:1057F00030B4C4680023A4460A4630BC1521604773
:1058000030B4C4681346A4460A4630BC172160472A
:10581000F8B50C464FEA000514F8011B182924D0EE
:105820000EDC152919D0162917D0172923D1207875
:105830008DF800006A4601212846FFF7E1FF0AE0E3
:10584000192912D0FE2916D122788DF8002029219D
:10585000284600F031F9641CDEE722788DF800203C
:10586000EE6800232846B047F5E70023EE681A46A5
:105870002846B047D0E7F8BD30B4C4680023A4463A
:1058800030BC1A46182160472DE9F041DFF8B0809E
:1058900014460646A1F11402002798F800001D46A0
:1058A000062A4AD2DFE802F02F03161B3E4310B14E
:1058B0003046FFF744FF3046FFF750FF00213046E7
:1058C000FFF745FF21463046FFF741FF012088F8EA
:1058D000000029E021463046FFF739FF24E050B1AF
:1058E0003046FFF72CFF06E01821304600F0EAF8BA
:1058F000183CE4B21835182C2A46F5D82146304613
:1059000000F0E0F80EE096F82400FF2802D178209D
:1059100086F8240037692B4622463046BC46BDE84F
:10592000F041604788F800700120BDE8F081002850
:10593000F8D03046FFF703FFF4E70020F5E700005A
:105940001301002070B50023456904461A4628213A
:10595000A8470023E5681A4614212046A8470122DB
:105960004B21204600F0A8F8206829210279204622
:1059700000F0A2F800224B21204600F09DF820689C
:1059800029210279204600F097F801224B21204678
:1059900000F092F82068292142792046BDE8704045
:1059A00000F08AB80160897C80F8221070470000FE
:1059B00070B50C46054600F019F888B9092C0BD0D3
:1059C0000A2C01D0002070BD2846FFF7BBFF054917
:1059D0002846FFF71DFF03E003492846FFF7E2FFD3
:1059E000012070BDD6B40008D8B500082DE9F041FB
:1059F0001E46144605460B2908D00D290ED00E2947
:105A00001ED00F2927D00020BDE8F0811AB1284907
:105A1000FFF7FEFE4AE02649491FF9E74AB124494B
:105A20000C31FFF7F5FE286890F8130085F8220086
:105A30003CE01F49491DFFF7EBFE2868807CF5E735
:105A4000FFF71AFF81212846FFF7D2FE214628469C
:105A5000FFF7C6FE27E0FFF70FFF707995F82210D9
:105A600001EBC000C7B240212846FFF7C1FE10205D
:105A700040EA17112846FFF7BBFE07F00F01284642
:105A8000FFF7AEFEB07940F0B0012846FFF7A8FE60
:105A900030793268C006010E2846FFF7B1FE641E59
:105AA00014F0FF04F4D12846FFF792FE0120ABE783
:105AB000B5B400080020704730B444690023A44600
:105AC00030BC60472DE9F04115460E460446FFF70D
:105AD00045FE40212046FFF73AFE27692B46324615
:105AE00017212046B8472046BDE8F041FFF727BE02
:105AF000002180F82610704730B54FF6FF72A9B329
:105B00000A293FD090F82630541E7BB15B1E13F05B
:105B1000FF0380F82630058C01F03F0102EA851270
:105B200042EA010202842DD0204630BDFC2905D373
:105B3000052280F8262001F001011FE0F82905D395
:105B4000042280F8262001F0030117E0F02905D394
:105B5000032280F8262001F007010FE0E02906D398
:105B6000022280F8262001F00F0107E00AE0C02998
:105B700006D3012280F8262001F01F010184D3E71B
:105B8000084630BD104630BDD0E9013201699A6047
:105B9000D0E901235A604A68824201D182684A6092
:105BA000002202610868401E086008687047000013
:105BB00001488068704700004800002000F108019B
:105BC0004FF0FF32C0E90112C160016100210160A4
:105BD000704700210161704730B50B685A1C02D034
:105BE00000F1080202E0026904E0224654682568D8
:105BF0009D42FAD953684B6099608A605160086190
:105C00000168491C016030BD42684A6093688B603E
:105C100093685960916008610168491C0160704790
:105C2000BF2080F31188BFF34F8FBFF36F8F0248FF
:105C30000168491C016070479C0000200349086806
:105C4000401E086001D180F3118870479C0000203D
:105C500070B500281BD0A0F108046068002816DA8F
:105C60002168002913D120F00040606000F060F945
:105C7000074D60686968084468602046FEF726FBA7
:105C80002869401C2861BDE8704000F0A9BC70BDC7
:105C9000A00000204FF0E020002101618161024955
:105CA00041610721016170473F19010070B5154638
:105CB0000E460446FFF7B4FF94F944100020491C37
:105CC00001D184F8440094F94510491C01D184F8AD
:105CD0004500FFF7B3FFA06B28B92A46314604F10F
:105CE000240000F03BF82046BDE87040FEF76CBC95
:105CF00010B5020009D000F01BF900211046FEF794
:105D000035F900F06DFC002807D104494FF08050B0
:105D10000860BFF34F8FBFF36F8F10BD04ED00E03D
:105D200002490A6A0260C968416070474800002061
:105D300001490120C86170474800002010B50C4699
:105D4000054909681831FFF747FF2046BDE81040B4
:105D50000121FEF70BB9000048000020F0B40C460A
:105D60000D4943680D68EB619D680E6835620D68EA
:105D70009E68183575600D6818359D6009688862E1
:105D80000168491C01600AB14FF0FF342046F0BCA5
:105D90001146FEF7EBB800004800002070B5214D19
:105DA0000446286884423CD0002C3AD0FFF738FFE4
:105DB0002046FEF7E7FB80B3201DFFF7E5FEE06A13
:105DC00001212A69814011432961174900EB8000B4
:105DD00001EB80004068A0608268E2608368221D59
:105DE0005A608260E06A00EB800001EB8000606135
:105DF000E06A00EB800051F82020521C41F820207E
:105E0000E06A2968C96A884207D308494FF0805080
:105E10000860BFF34F8FBFF36F8FBDE87040FFF78F
:105E20000DBF70BD480000200403002004ED00E019
:105E30007CB511480025CDE900502B4680220FA1EA
:105E4000104800F093FA0C4C2C3C012812D100F0C1
:105E50007BFC01280ED1BF2080F31188BFF34F8F48
:105E6000BFF36F8F4FF0FF30A06201206061E560EB
:105E700000F088F8206B7CBD7400002049444C453C
:105E800000000000FD41000870B50446FFF7C8FEA1
:105E9000234D04B92C68201DFFF776FE58B9E06A3F
:105EA000204A00EB800152F8211021B901218140E4
:105EB000286988432861A06A18B104F11800FFF727
:105EC00063FE211D1848FFF79FFE94F84800002646
:105ED000012801D184F84860FFF7B0FE686928B155
:105EE000FFF79EFEFEF714FBFFF7A8FE286884422A
:105EF00009D1686940B10D494FF080500860BFF387
:105F00004F8FBFF36F8F70BD07480068A968884244
:105F100001D12E6070BDBDE8704000F011B80000E6
:105F20004800002004030020D405002004ED00E018
:105F30000248416B491C4163704700004800002043
:105F40000E48416B11B10121C16170470021C1614F
:105F500001690B4AB1FA81F1C1F11F0101EB810125
:105F600002EB810101F108034A6852684A609A42D3
:105F700001D152684A60D168016070474800002032
:105F800004030020094810B5016841F47F01016055
:105F9000016841F07F410160FFF77CFE0449002069
:105FA0000860FAF703F9002010BD000020ED00E0C2
:105FB0009C00002010B5BF2080F31188BFF34F8FE5
:105FC000BFF36F8F00F014FA18B104494FF08050FE
:105FD0000860002080F3118810BD000004ED00E08F
:105FE00070B50E4605004FF0000418D0601EB0FBDF
:105FF000F5F0B04213D305FB06F010F1490F0ED8AF
:106000004830FEF717FB040009D004F14801204690
:106010003EB10160C0E90F56012100F005F82046AD
:1060200070BD0060F6E700002DE9F0410F46040066
:106030004FF001063CD0E06BC8B3B51EB5FBF0F1E4
:10604000206C814234D3FFF7EBFDD4E90F202168A7
:1060500002FB0011A1600021A163216861600A4672
:10606000D4E90F01401E00FB01212046E16000F849
:10607000445F457004F110004FB1FFF79FFD04F13C
:106080002400FFF79BFD00BFFFF7D8FD11E0216959
:106090000029F9D000F03EFA0028F5D006494FF06B
:1060A00080500860BFF34F8FBFF36F8FECE7FFE7BF
:1060B00000263046BDE8F08104ED00E02DE9FF4701
:1060C00000273B4E82B099468A460446B8464FF0B8
:1060D000805500BFFFF7A4FDA06BE16B884206D39B
:1060E000B9F1020F03D00498C0B1D7B11DE04A4600
:1060F00051462046FEF729F8616A19B104F12400DF
:1061000000F008FA20B13560BFF34F8FBFF36F8FF7
:10611000FFF794FD012006B0BDE8F087FFF78EFD84
:1061200021E06846FFF7FCFD0127FFF787FDFFF739
:10613000FFFEFFF775FD94F94400401C01D184F87F
:10614000448094F94500401C01D184F84580FFF754
:1061500075FD04A9684600F0DDF830B12046FEF771
:1061600033FA00F03DFA0020D5E7FFF759FDA06BA8
:10617000E16B884213D1FFF761FD04F1100004992F
:10618000FFF7DCFD2046FEF71FFA00F029FA002891
:10619000A0D13560BFF34F8FBFF36F8F9AE7FFF742
:1061A0004DFD2046FEF710FA00F01AFA92E70000C3
:1061B00004ED00E02DE9F04104461746BF20EFF35F
:1061C000118680F31188BFF34F8FBFF36F8FA26BDF
:1061D000E06B824206D3022B04D0002086F31188A4
:1061E000BDE8F08194F94550A06B1A462046FDF7B2
:1061F000ACFF681C08D0FFF7DBFC854202D26D1CA7
:1062000084F845500120E9E7606A0028FAD004F1DB
:10621000240000F07FF90028F4D0002FF2D00120F4
:106220003860EFE72DE9F7470026DFF8E48083B018
:106230008A460446B1464FF0805700BFFFF7F0FC96
:10624000A56BC5B151462046FDF76CFF6D1EA563D9
:10625000206950B104F1100000F05CF928B1C8F8D1
:106260000070BFF34F8FBFF36F8FFFF7E7FC012084
:1062700006B0BDE8F087059808B11EB106E0FFF74B
:10628000DDFC27E06846FFF74BFD0126FFF7D6FC53
:10629000FFF74EFEFFF7C4FC94F94400401C01D107
:1062A00084F8449094F94500401C01D184F845904D
:1062B000FFF7C4FC05A9684600F02CF8002820462A
:1062C0000AD0FEF781F900F08BF92046FEF740F87E
:1062D0000028B3D00020CBE7FEF73AF890B104F1E4
:1062E00024000599FFF72AFD2046FEF76DF900F01E
:1062F00077F90028A2D1C8F80070BFF34F8FBFF321
:106300006F8F9BE72046FEF75FF900F069F995E78C
:1063100004ED00E02DE9F0410C460546FFF780FC56
:10632000114EF2686B682168D01A4F1C0AD02F6892
:10633000D6F820C00026674506D0934204D8012530
:1063400026600BE0002509E0814205D9081A20608B
:106350002846FFF7E5FCF5E701252660FFF76EFC10
:106360002846BDE8F0810000480000202DE9FF5FCD
:106370008346DDE90E87994616468A469000FEF769
:1063800059F905001DD04C20FEF754F9040015D032
:106390004C21F9F7CCFF25630021CDE90241CDE97D
:1063A00000874B46324651465846FDF757FF204678
:1063B000FDF720FE012004B0BDE8F09F2846FFF75E
:1063C00047FC4FF0FF30F6E70548416919B1406BD3
:1063D00018B100207047012070470220704700006C
:1063E000480000200148C0687047000048000020B5
:1063F0002DE9F041454C0026606B28B1A069401C96
:10640000A0613046BDE8F081E5686D1CE56008D10B
:10641000A06BE16BA163E063206A401C2062FEF781
:1064200077F8A16A3A488D420FD34FF0000EA16B66
:10643000096839B1A16BC968C9684A68954212D226
:10644000A26202E04FF0FF31A1622168C96A01EB4C
:10645000810150F82100012800D90126E0690028B7
:10646000CFD00126CDE7D1E902724B69BA60D1E9FC
:1064700002277A605F680A1D974201D1CF685F608A
:10648000C1F814E01F687F1E1F60D1F828C0BCF15E
:10649000000F15D0D1E907379F60D1E907377B603E
:1064A000DCF8047001F118039F4202D10B6ACCF8AA
:1064B0000430C1F828E0DCF800305B1ECCF8003076
:1064C000CB6A0127D4F810C09F4047EA0C07276128
:1064D00003EB830300EB83035B688B609F68CF60F3
:1064E0009F687A609A60CA6A02EB820200EB8203BC
:1064F0004B6150F822305B1C40F82230C96A226898
:10650000D26A914293D9012691E700004800002009
:106510000403002070B5C068C068D0E90732816A02
:106520009A60D0E907235A604B6800F11802934241
:1065300001D1036A4B60002383620C68641E0C6007
:1065400024494D6B01249DB1234D6B68C3619E6846
:1065500006629E6872609A6085622A68521C2A6090
:10656000C06A0A68D26A904231D90120CC6170BDFC
:10657000D0E902654269B560D0E902567560566897
:10658000051DAE4201D1C6685660436113685B1EAB
:106590001360C26A0E6904FA02F333430B610F4BB6
:1065A00002EB820203EB8202526882609668C66048
:1065B000966875609560C26A02EB820203EB820501
:1065C000456153F822506D1C43F82250C8E7002063
:1065D00070BD000048000020AC050020040300202E
:1065E0002DE9F04100242746FFF71AFB3F4D686B69
:1065F000401E6863686B002872D1A8683C4B002677
:106600004FF00108F0BB6BE0D868C468D4E90721FB
:10661000A06A9160D4E907125160426804F1180140
:106620008A4201D1216A4160A6620168491E016067
:10663000D4E9022160699160D4E902125160426894
:10664000211D8A4201D1E268426066610268521EE1
:106650000260E26AD5F810C008FA02F040EA0C00C5
:10666000286102EB8200234A02EB80004068A060B0
:10667000D0F808C0C4F80CC0D0F808C0CCF804109A
:10668000816000E011E0E06A00EB800002EB800135
:10669000616152F82010491C42F82010E06A296814
:1066A000C96A884201D3C5F81C8018680028ABD19C
:1066B0000CB1FDF72DFFAC6944B100BFFFF798FEA8
:1066C00008B1C5F81C80641EF8D1AE61E86938B124
:1066D0000949012738070860BFF34F8FBFF36F8F59
:1066E000FFF7ACFA3846BDE8F08100004800002012
:1066F000AC0500200403002004ED00E02DE9F04784
:1067000080461F4615460E462820DDF82090FDF7EE
:1067100091FF040014D0002084F82400FDF7E2FC6F
:1067200004F11801C4F8008081E8C002201DFFF7C1
:1067300050FA2DB194F8240040F0040184F824109C
:106740002046BDE8F08700001CB50024FDF7CAFC18
:106750000848006860B107491F20091DCDE9000104
:1067600000234FF4807204A10548FFF7FFFD0446A3
:1067700020461CBD88000020546D722053766300B3
:10678000A5450008FEB5104C1F46034626680020AC
:10679000089D002E0ED08DE80E0006290DDAFFF7B9
:1067A00013FE02284FF0000305D00022694620683E
:1067B000FFF784FCFEBD2A46F8E700233A46694607
:1067C0003046FFF7F7FCFEBD8800002001020203FF
:1067D0000405060708090A0B0C0D0E0F1010000027
:1067E0000000000000000102030406070809000081
:1067F000000001020304000000600060006C006CF7
:10680000806D806DB06DB06DB66DB66DB66DB66DE8
:106810000000000000000000000000000000FE1F5B
:10682000FE1F0678F679F679F6790678FE1FFE1FC8
:10683000000000000000000000FE8282828282824E
:106840008282FE000000000000040404040404042A
:10685000040404000000000000FC808080FC0202B0
:1068600002027C000000000000FE808080FE80802C
:106870008080FE00000000000082828282FE808014
:106880008080800000000000007E0202027E808086
:1068900080807C0000000000007E0202027E828276
:1068A0008282FC000000000000FC808080808080EC
:1068B000808080000000000000FE828282FE8282D2
:1068C0008282FC000000000000FE828282FE808046
:1068D00080807C000000000000000000000000003C
:1068E000F8FFF4BFFCFF1CE01CE01CE01CE01CE017
:1068F0001CE00C4000000CC01CE01CE01CE01CE094
:106900001CE01CE0FCFFF4BFFC7F00000000000066
:106910000000000000000000000000000000000077
:1069200020003000380038003800380038003800C7
:1069300038003000000010003800380038003800FF
:10694000380038003800300020000000000000004F
:106950000000000000000000000000000000000037
:10696000F87FF0BFE0FF00E000E000E000E000E0C2
:1069700000E000C0F03FF87FFC3F1C001C001C0042
:106980001C001C00EC3FF43FF87F000000000000FA
:1069900000000000000000000000000000000000F7
:1069A000FC7FF8BFF0FF00E000E000E000E000E066
:1069B00000E000C0F81FF8FFF8FF00E000E000E092
:1069C00000E000E0F0DFF8BFFC7F00000000000006
:1069D00000000000000000000000000000000000B7
:1069E00004000C801CE01CE01CE01CE01CE01CE02F
:1069F0001CE00CC0F03FF87FF0FF00E000E000E09A
:106A000000E000E000E000C00080000000000000A6
:106A10000000000000000000000000000000000076
:106A2000F87FF43FEC3F1C001C001C001C001C0005
:106A30001C000C00F03FF87FF0FF00E000E000E0F9
:106A400000E000E0E0FFF0BFF87F00000000000081
:106A50000000000000000000000000000000000036
:106A6000F87FF43FFC3F1C001C001C001C001C00B5
:106A70001C000C00F03FFCFFFCFF1CE01CE01CE0D5
:106A80001CE01CE0ECFFF4BFF8FF00000000000079
:106A900000000000000000000000000000000000F6
:106AA000FC7FF8BFF0FF00E000E000E000E000E065
:106AB00000E000C00000004000E000E000E000E076
:106AC00000E000E000E000C00080000000000000E6
:106AD00000000000000000000000000000000000B6
:106AE000F8FFF4BFFCFF1CE01CE01CE01CE01CE015
:106AF0001CE00C40F03FFCFFFCFF1CE01CE01CE035
:106B00001CE01CE0ECFFF4BFF8FF000000000000F8
:106B10000000000000000000000000000000000075
:106B2000F87FF4BFFCFF1CE01CE01CE01CE01CE054
:106B30001CE00CC0F03FF8FFF0FF00E000E000E0D8
:106B400000E000E0E0FFF0BFF87F00000000000080
:106B50000000000000000000FE3F840F2222880891
:106B6000FE3F880880008008FE3F407080002F00B4
:106B7000F80FC81F08088810F80F880808080809C7
:106B8000F80F280508081802F80F08050808C018AB
:106B9000FF7F30600000000020B6000800003C00CD
:106BA000000000FE00000000C7010000008301009B
:106BB0000080BB01000080B903000080B90100988B
:106BC00099B93900CC9CB96D00468CB9393F6686BD
:106BD000B999616686B9C1606686B961006C86B98B
:106BE0004100D88CB941009899B941003093B961FE
:106BF000601093B9C1709899B9813F8C8DB9011F0C
:106C0000C684B901004686B901000080B9010000C0
:106C100080B901000080BB030000C039070000E01C
:106C2000380E0000707C1C000030FE18000038FE9A
:106C300018000018FF31000018FF31000018FE385E
:106C4000000030FE180000307C18000070100C00AE
:106C500000E0000E0000C08307000080FF0300007A
:106C600000FE000008B600080000008000000000E0
:106C7000F001000000FE000000C0FF000000F8FF6F
:106C8000000000FFFF0000E0FFFF0000FCFFFF002E
:106C900000FCFFFF0000FCFFFF0000FCFFFF000006
:106CA000FCFFCF0000FCFFC10000FC7FC00000FC27
:106CB0000FC00000FC00C000001C00C000000C0061
:106CC000C000000C00C000000C00C000000C00C0A0
:106CD00000000C00C000000C00C000000C80FF0091
:106CE000000CE0FF00000CE0FF00000CF0FF0100D2
:106CF0000CF0FF01000CF0FF00000CE0FF00F00DB5
:106D0000E07F00FC0F803F00FE0F000000FF0F003F
:106D10000000FF1F000000FF1F000000FF0F000029
:106D200000FE0F000000FC07000000F8010000005A
:106D30003CB6000800000000000000000C0000004D
:106D4000000C000000000C000000000C000000001F
:106D500000060000C000070000E08103000030834F
:106D600001000018060000000C0C0000001C1800B8
:106D700000003E307800006660780000E6C0000049
:106D800000C28101000082030300000307030080AA
:106D9000078E0300C00CDC01006018F800003630DC
:106DA0007E00001BE00F00800DE00000C0063000F8
:106DB000006003180000B0010C0000C000060000D5
:106DC0006000030000308001000018C00000000CCB
:106DD0006000000006300000000318000000030CF3
:106DE0000000000E060000001C03000000980100D7
:106DF0000000F000000000600000000014B6000871
:106E00000000000000000000000000000000000082
:106E100000000000006000060000600006008063C3
:106E2000000600C0670006004064000600406400E1
:106E30000600C066000600806300060000600006D1
:106E400000F0FFFFFF0FF0FFFFFF0F0060000600E4
:106E5000006000060000601C060000603E060000A6
:106E60006022060000602206000060360600006016
:106E70001C060000600006000060000600F0FFFF36
:106E8000FF0FF0FFFFFF0F0060000600006000062C
:106E900000006000060000606C6603006038C601F8
:106EA000006038C60100606C6603006000060000E8
:106EB000600006000000000000000000000000006C
:106EC000000000000000000030B6000800000000D4
:106ED00000000000000000000000000000000000B2
:106EE000000000000000000000000038181C000036
:106EF000FE187F0000FF89FF00807F08FE01801FD1
:106F00007FF801C0CFFFF303C0E7FFE703C0F30042
:106F1000CF038039009E01801C18BC01001C18386A
:106F200000000E187000000E1870000006187000A7
:106F300000061860000006F86000000600700000FF
:106F40000E007000000E007000000C003800001CE5
:106F50000038000038001C000078000E0000F0C16E
:106F60000F0000E0FF030000F0FF0F000030000CF6
:106F70000000000000000000000000000000000011
:106F80000000000000000000000000000000000001
:106F900000000000000000000000000000000000F1
:106FA00000000000000000000000000000000000E1
:106FB00000000000000000000000000000000000D1
:106FC00000000000000000000000000000000000C1
:106FD0000000000000000000F01F000000000C3066
:106FE00000000000C6600000000073C00000000048
:106FF00009800000008004000100008006000100FC
:1070000000800200010000800200010000800000FA
:10701000010000800000010000800000010000006D
:1070200001800000000003C00000000002400000DA
:1070300000000660000000000420000000000420A2
:107040000000000008100000000008100000000010
:10705000000000000000F81F000000000810000001
:107060000000F81F000000000000000000001008F1
:1070700000000000100800000000700E000000007A
:10708000C00300000000000000000000000000003D
:1070900000000000000000000000000000000000F0
:1070A00000000000000000000000000000000000E0
:1070B00000000000000000000000000000000000D0
:1070C00000000000000000000000000000000000C0
:1070D00000000000000000000000000000000000B0
:1070E00000000000000000000000000000000000A0
:1070F000000C000030000018F01F180000300C30A9
:107100000C000040C6600200000073C000000000D8
:1071100009800000008004000100008006000100DA
:10712000008002000100808F0200F900808F0000C3
:10713000F900008000000100008000000100000054
:1071400001800000000003C00000000002400000B9
:10715000004006600200003004200C0000180420EB
:107160001800000C0810300000000810000000009B
:10717000000000000000F81F0000000008100000E0
:107180000000F81F000000000000000000001008D0
:1071900000000000100800000000700E0000000059
:1071A000C00300000000000000000000000000001C
:1071B00000000000000000000000000000000000CF
:1071C00000000000000000000000000000000000BF
:1071D0000000000000000000000000003C4281812F
:1071E0008181423C3C7EFFFFFFFF7E3C000240006D
:1071F000000280003F3EFE7F0821024088100120EF
:10720000447F00003C49FC1F26498000267F800007
:10721000254988002449881F247F88003C4988002C
:10722000A44894008450E27F402001000B02F40146
:107230000B02F4011003F4011003F4017003F401D4
:107240007003F4011003E803BA02F401BA02F40176
:107250009302F4019302F4014B02F4014B02F40196
:107260000B02E8031003F4011003F401BA02F40165
:10727000BA02F4019302F4019302F4014B02E80311
:107280001003F4011003F401BA02F401BA02F4018C
:107290009302F4019302F4014B02E8030B02F401A0
:1072A0000B02F4011003F4011003F4017003F40164
:1072B0007003F4011003E803BA02F401BA02F40106
:1072C0009302F4019302F4014B02F4014B02F40126
:1072D0000B02E803FFFF00000000F4010000F401CE
:1072E0000000F4017003FA00DC03FA001604EE0259
:1072F000DC03FA001604F4012605F401DC03DC05C6
:107300009302FA009302FA007003EE021003FA00EF
:107310007003F4011604F4011003DC059302F40178
:10732000BA02EE029302FA00BA02F4011604F40162
:107330009302E8030000FA001604FA001604FA00AB
:107340001604FA00DC03EE02E402FA00E402F4019F
:10735000DC03F401DC03E8030000F4017003FA002D
:10736000DC03FA001604EE02DC03FA001604F40152
:107370002605F401DC03DC059302FA009302FA000F
:107380007003EE021003FA007003F4011604F40116
:107390001003DC054B02FA009302FA00BA02F40172
:1073A0001604FA00DC03F4011604EE029704FA0056
:1073B0009704FA002605FA001604E2041604FA00FF
:1073C000DC03FA007003FA007003FA00DC03F40136
:1073D0003F03F4017003DC051604FA009704FA0079
:1073E0002605EE029704FA002605F4012006F401B2
:1073F0009704DC051003FA001003FA001604EE02ED
:10740000DC03FA001604F4012605F4012605D00772
:107410007003FA00DC03FA001604F401DC03F40143
:107420009704FA009704FA001604EE021003E2042F
:107430007505F4012605F4019704F4011604F4011E
:107440002605DC052605F401E006E8032006F40124
:107450002006F4012605FA009704FA001604E80352
:107460000000FA001604FA009704F4011604FA006A
:107470009704FA009704F4012006F4012605DC05C0
:107480002605F401E006E8032006E8032605FA00D5
:107490009704FA001604E8030000FA001604FA0044
:1074A0009704F4011604FA009704EE02DC03F401D9
:1074B0007003DC057003FA00DC03FA00FFFF000034
:1074C0008000000000008000F80FF80F800008081E
:1074D00008088000F80FF80F8000080808088808DE
:1074E000F80FF80F8810800080008820880088003E
:1074F0008420F81FF81F84408400840082408200AA
:1075000082008140F80FF80F80008000800080002A
:1075100080008000A000FE3FFE3F40000000000011
:107520000000400040000414FC1F80008000042480
:107530008000FE7F80000404800002400000E47FA1
:1075400080001124FE1F24048000080800083F0466
:10755000FF7F041000042424800000000002E425C2
:107560004001F80F0001242540018000800024150F
:1075700020028000400024152002800020003C09E9
:107580001004800018006749080880002400925405
:107590000410FE3FC27F106203600000000008413B
:1075A0000000000008600878087E887FE87FF87F88
:1075B000F87FE87F887F087E087808600000000078
:1075C0000000000006101E107E10FE11FE17FE1FA8
:1075D000FE1FFE17FE117E101E1006100000000098
:1075E00000000000381C381C381C381C381C381CA3
:1075F000381C381C381C381C381C381C0000000093
:107600000000000008003800F800F803F80FF81F29
:10761000F81FF80FF803F800380008000000000019
:1076200000008000C41F00014810FC7F4810440483
:10763000C11F44044210FC3F42104404C81F4404CC
:107640000800C407E43F04002725F40F242524087C
:107650002425420424258203F47F610C00001C7061
:1076600000008000E41F00012810FC7F2810440463
:10767000E11F44042210FC3F22104404E81F44048C
:107680008804C407840404009724F40FA414240875
:10769000C40C420484048203F47F610C00001C705B
:1076A000BF0002020304030504060B00FE08FE09E6
:1076B000FF0144028607AD20050066072107C1438C
:1076C00067280122071B57275901230DBD42AF4CE4
:1076D00069A86AA8322500240DCD3E37AF4AE59D42
:1076E00054B52300250CC5422FAAEE8C726AC9043A
:1076F000260DC5422FA7987295648A510527071B4E
:10770000574F9500280A533F37C514DB3107290B23
:10771000533F27C71C5B3145002A0AAD46AF8E4355
:10772000E694002B0AAD4637A3386446112C07A314
:107730003ACF2A012D068C4E67042E0612436704A9
:107740002F10D53E1F659433CA19E58C7246190176
:10775000300AC4424FA5E99914003108C34237AD3D
:10776000D803320AC44267C55CB64700330CC44232
:1077700067A39C34CA792400340AC442375A5D2373
:10778000E604350BC44267E8BC51CE2301360BC476
:10779000424FE5BCA2991400370AC44267E432C7DD
:1077A0005C02380BC4424F459954349302390AC4E1
:1077B000424F4533ED4A013A072A4367C4113B085B
:1077C000BB3ACF4656093C0ABC423FB65146190562
:1077D0003D089D4A676838043E0BBC4227A38C32A3
:1077E0008A6D003F0CC5426FE58C724D67140140F5
:1077F0000CC5425746B9924A526538410AC4424FB5
:10780000AA28C73403420BC44267453952344702A1
:10781000430AC4424F45DD991400440AC44247A6B6
:10782000D22B4900450AC44267E8BC723D024609B2
:10783000444367E8BC721B470AC4424F455D4D99FB
:10784000064809C442279A633A034908434367C577
:107850005E034A09C44257B7A54C0A4B0AC44227E3
:107860005A49A64E194C08C44227F73D024D0CC593
:107870004227AF91565249DB014E0AC44227CAB58E
:10788000D429034F09C4424F459F4901500AC442BD
:10789000674573A45C03510ACC3E4F45E772A300D1
:1078A000520AC442674539524F19530CC4424F45DE
:1078B0008D32CA482605540FC54267C88C32CA2883
:1078C000A38C328A005509C44227FA991400560B3A
:1078D000C54227BB5399724611570CC54227BB922C
:1078E0004A63952901580AC442279A49AA68065949
:1078F0000EC54227EB54A69C51461945005A0BC4AD
:107900004267E498638E79045B08533F67C47E0E38
:107910005C11D53E27A30C33CA30A30C33CA30A365
:10792000005D08533F67F673045E079D5637A73A1C
:107930005F068C42670460071B5747E600610AB484
:10794000424FA334A24C03620AC44227E7159D2389
:10795000016309B4424F455DA3016409C442BF1AE3
:10796000D199066509B4424FC5B1331A660AC442BB
:1079700057E538526E02670BC43A6F447368391288
:1079800000680AC44227572349670069094B432FFF
:107990006624BB066A0A5C3ABFC6BA5B26056B0B57
:1079A000C44227972AC954CA006C07434347F63597
:1079B0006D0BB542E74A2AA9A4922A6E09B4422760
:1079C0008D249D016F09B4424F45675200700AC46F
:1079D0003A6745E74839037109C43A6F4467DA05E5
:1079E0007208B44267A47613730AB4426F648DF4CC
:1079F0004800740AC4422FC791721B097508B4422B
:107A0000277AA601760BB54227EB54A69C51047742
:107A10000BB542275B4955332500780AB44227CA83
:107A200024559401790BC43A279AA9D2314A007A95
:107A300009B44267E4D81E017B0FD53E5F669451BE
:107A4000D41A66945186027C06D13FE7117D0FD58A
:107A50003E47C38C32CA50CB8C328A1A7E099D565F
:107A60002FAA241300A0079D4227EB31A107C13B99
:107A7000470D01A20AC43E378ED4CF9900A30BC58F
:107A8000425756796794F318A40AAD4627A799E29E
:107A9000CA01A50DC54227EB540D1987CC2802A6B3
:107AA00007D13F67C411A70ED43A4FC594559449E6
:107AB000A7981400A807135B27A900A90D4E3E57ED
:107AC000C794D4BE952AB304AA0AB44A4FA3344635
:107AD0004623AB08A5462FCA141BAC079C4667E497
:107AE00002AD050B4F67AE0F4E3E57C794ACB4D2F4
:107AF000B2928A5902AF068C5E6704B009A4524F55
:107B000045991400B10CBD4237A3386446991A0256
:107B1000B208AC524FC5E608B30AAC5267A3A4D171
:107B20004800B4071B57379500B50AC43A277A8D29
:107B3000A43300B60EC5426FA8A42A15534C31C514
:107B400014B706124B6704B809A43A376734120019
:107B5000B9062A536F35BA0AB44A4F4599341C0105
:107B6000BB09A54627B6A24C00BC0ED53A2F6B1414
:107B700053A953A5E5C809BD0DD53A2F6B1453A9D8
:107B80005337CA79BE0ED53A47C31CA3DAA9D272BD
:107B9000E404BF0BC53A37A34CB7514E0BC00BCC16
:107BA000422FA368C531CD00C10ACC42B7962A8EB8
:107BB0006906C20BCC42B74A52C531CD00C30BCCCB
:107BC000422FA968C531CD00C40ECD4247696C561D
:107BD00023C514534C00C50BCC424FC524551CD3B0
:107BE0000CC60EC5426F2499621A33C514D300C760
:107BF0000BD43A4F45DD99748C00C80CCC422FA3AE
:107C000034745E398F00C90BCC42B71C3AAF9C4725
:107C100000CA0BCC42B71A3BAF9C4700CB0FCD42FA
:107C2000476938524619CD8C321A09CC094B432783
:107C3000A715BB06CD094B4337A515BB06CE094B8F
:107C400043AF1A29760DCF0ECD424769BC33CA28FF
:107C5000A38CF202D00D45424FA718472A534CA5DA
:107C600004D10BCC422FA9722D75CA00D20BCC4285
:107C70002FA3A8A2675200D30ACC42B756D133290A
:107C800000D40ACC42B74A2A7A2605D50BCC422F1B
:107C9000A9A8A2675200D60ECD4247692CAB9862C4
:107CA0008A294609D709AD4627A7BAAA03D80F568D
:107CB0003E1FC6D99249AAA862393304D90ACC42D8
:107CC0002FA3D2675200DA09CC42B7E9332900DB8F
:107CD0000ACC42B7CA287A2605DC0FCD424769583C
:107CE000C514534C31C52801DD0DCD42BFCC3AD56A
:107CF0001965945104DE0BC44227E715E5483903A2
:107D0000DF09C4424F45D5E912E00CCC422FA38CC9
:107D1000354A23CA34E10BCC42B7A6344A23CA34CD
:107D2000E20CCC42B7CA50A334A24C03E30CCC42C1
:107D30002FA98C354A23CA34E40BCC42AF1B6A947A
:107D4000469469E50CCC42B78A51A334A24C03E6B1
:107D50000CB54247C994868A292A01E70AC43A4FDA
:107D6000455DA35902E80CCC422FA38C551C3BA3C4
:107D700001E90BCC42B7A6541C3BA301EA0BCC4251
:107D8000B7CA50C5B1331AEB0BCC42AF1BAA387639
:107D90004603EC094B43276724BB06ED084B43AF72
:107DA00086B26BEE084B43AF2DBB06EF094B432762
:107DB000A92CBB06F00CC44227258D6292665200A6
:107DC000F10BCC422FA90CD348D219F20BCC422F85
:107DD000A38C55742605F30ACC42B7A65474260525
:107DE000F40BCC42B7CA5045675200F50BCC422F7A
:107DF000A98C55742605F60ACC42AF1BAAE84C0A9A
:107E0000F70CBD4237A34C0D4D651401F80D463EED
:107E10001FC6D9922A96334300F90ACC422FA30CED
:107E2000A3671AFA09CC42B7C6D1330DFB0ACC427C
:107E3000B7CA287AA601FC09CC42AF1B45CF34FD56
:107E40000CDC3AB7C6D14C958E5102FE0BD43A27C2
:107E500057C9944BD519FF0CDC3AAF1B4533553A43
:107E6000460900000004FFFF00009B000302050517
:107E70000305061212FEFC0BFD0CFC01CF03C4052A
:107E80006F20060030A2002108C1FDA178880422DD
:107E900008C4B8A2887C0A23188811A28BC2288C37
:107EA000A261888A51188551340C51310AA30C24DF
:107EB00017A7F1A10B07258AA4480A93744DC2485D
:107EC0008AA4CA2066002519A8F1A1D192A812257A
:107ED000512553F2388F232D8992A81245A20226EC
:107EE000178911AA5AB3300BB334C9C328896A4918
:107EF000354AB34AB6052708625CA3501400280C23
:107F00000496998B6A51D68F5958290D0496990871
:107F10006B61D64F5954032A0F2751A28BB3A8D2B5
:107F2000B6254DB538032B166B15B6CDB11CCBB1AC
:107F30001C4B87839A633996633996022C0882D842
:107F4000A11812052D0724709618022E0742F8A1D9
:107F500018022F0F0696A12DA6C5B49816D3629AC3
:107F600002300D6715A2DA2AA95F932C9B00310A13
:107F7000651DA28AC6FE3408320D6715A2DA2A6989
:107F80009CF679180233106715A219A2308FD36CB2
:107F90002F8BD1100134116815A68DD5248CB24ECB
:107FA00061340C6A5E02350F6715A238C8E5412FAF
:107FB000C76234440036116715A21AA234AE4C5A77
:107FC000925A932C9B00370D6715A238C4695C8DBB
:107FD000AB710D38126715A2DA2AA99A64D95649ED
:107FE000D524CB260039106715A2DA2AA935C9A4F1
:107FF00025AE4643043A07E1189248033B0701F9CE
:108000009148053C0F49F9B14762D55D87742887CF
:1080100074483D0A8A54B278C8C9C3213E104AF553
:10802000B1C8311DD3311DD321D93B023F0E861576
:10803000A2D2A224145BEBB4340240162831A61A53
:10804000B230492631518644891265488AD91001D7
:1080500041156911AACC913C8993340BB36C18A2D9
:10806000344A935C0F42106711A2B8A48EC92085D0
:10807000496A1D860443106811A61AA43489F3EED8
:10808000489E46830244106811A638A5499AC4BE8A
:108090002669324C00450E6711A238C8CDC312378D
:1080A0000F4300460C6711A238C8CDC312770647AC
:1080B000156911AA1AA638C9732447C241D7933843
:1080C00089A36101480C6811A6883D0F87D8730009
:1080D000490963119258A2FE324A0AC4A98DD2FA04
:1080E000DF86044B136711A248C5248B6A49A82672
:1080F000619495C2240D4C0A6711A288FBE76108C0
:108100004D1A6B11B2D0877C4913254DA42C92B225
:10811000484B322DC9C4500C75284E116811A688E1
:10812000E55509A54C8BC4449DCD014F176A11AE8E
:108130001AB6388A931CD1111DD1111D29477136E9
:108140004C00500D6711A2B8A45E8721899B015194
:1081500015A9D1A91AB4344A93DC7B12B525D9A04C
:108160002339940052106711A2B8A48EC920854902
:1081700098A4D600530F6711A21AA250CEF3BD9C4B
:1081800026830454156911AA78CC911CC9911CC985
:10819000911CC9911CC99110550C6811A688FD73DA
:1081A0001266430456156911AAC8F5248DD228CD4C
:1081B0008A599AC4499E232100571F6D11BA48530A
:1081C00035552B599245599245599255B2244CB286
:1081D000244CB2242DA7190058146911AAC893344D
:1081E000AB26798EE4499CA45935C903591067110F
:1081F000A248D5248BB24A98A47137005A0E681150
:10820000A638E8711EE771E761105B0AC4F9A1188E
:10821000B4FEB7215C10C7F1A188F3388FF3388F13
:10822000F3388F035D0A03929598FA7F1A025E096C
:1082300065F8AACA925A005F072A94B178086007C5
:10824000421CA3880261110711A219A2308E0625D3
:108250004CC22493A600620F6711A2885B262D49A9
:108260005DB7249900630C06119E9A32B5398B16BE
:1082700000640E6711A26E5A6AAB6B92494B00659F
:108280000E0711A2DA2AE970CEC3684800660C64B2
:10829000119652B26848B23E01671067B1A15A6A9E
:1082A000AB6B92494B9C64D904680C6711A2885B44
:1082B000262D497D0D69096211922929FD006A0A5E
:1082C000C3AD8D2A4AFD69016B106711A2881B930B
:1082D0002CAA8D51560A93346C0761159278106D53
:1082E000120B11B248A64533866228866228866240
:1082F000016E0A06119E48164DF4316F0D0711A24A
:10830000DA2AA96B92651300701468B1A550362D56
:108310004A9334499334D1A264CBCB00711368B132
:10832000A55A944C499334499334CAB4256F0172C9
:108330000A05119A48062DEC11730C06119E19922C
:1083400050764C8604740B45119A09B341097B1D84
:1083500075110711A2109330099330099330C9A405
:108360002576100711A248D5248BB228AB84499AF0
:108370000177180B11B2084331D4922C8992A8923C
:1083800025519225591AA61100780F0711A248937A
:10839000AC92C6699255D200791267B1A148D52432
:1083A0008BB24A98A4711A872A007A0A06119EB8DD
:1083B00086BD0E037B0C0696A19BD21EB558ED79A7
:1083C0007C07019A91F8217D0E0696A190D39E63B9
:1083D000494CBB89007E084734AB9934058011872E
:1083E00011A2DB2A713A68E9A0C5F52C5B000000F8
:1083F000000C59390E85706B0FF2FFFF2013082E09
:10840000D4C2F8204E00082FD0C2F8014E0A1FEF48
:10841000F1C1CEF11CCFF11CCFF11C1F861CC9F19C
:108420001CCFF11CCFF11CCF91E1034E0B21EFD1FA
:10843000C1F839C7733CC7733CCAC12CC7C21C4AB8
:108440007324CD911CCFF11CCFF11C014E0D23EEF6
:10845000D1C1191E7224877334877354C9A124CAE9
:10846000A32CCDC22C4C9334957338877338064EA9
:108470002A200FD2C1CFF11C4E7230CBA134AF866F
:108480002535D5733CC7733CC7733CC7733C074E57
:108490002D1E0BDAC1CDB11CCBB174780CC5500CBC
:1084A000C5500C8787B09A6339966329004E3A24E9
:1084B0000DD2C12FE6489623598EC6C3731AA771F1
:1084C00092A55994665198673912E55092277528FC
:1084D000024E3B1FEFF1C1CE2939D3F09023399ED4
:1084E000E3399E43C34187723CC7733CC7F3E10342
:1084F0004E481DEDF5C1CED11CCCD11CCCF2300EB6
:10850000E3B41DCCC1723147A2E12987024E4B1E54
:10851000EEF5C1CDF11CCEE9C33B9AA3399AA3393C
:108520009AA3399A833A18E550381C4E5F25EFF12B
:10853000C1CFF11CAB6325395BE2644BA72C53B26E
:108540007256CE927216E5599CE5581D0B87830032
:108550004E66210ED2C1CE7228CC91341BEE5096BD
:1085600043590E65399465C383DCBF257998233957
:10857000004E861EECD5C1F88EE5588EE5908EE54E
:10858000600EE6600EE6600EE6600E253916034EBC
:108590008B250FD2C1CFF17CF89E43C3416C1C0EDA
:1085A0003A9443C34187C268F81E86C34187723438
:1085B000C9E11C014E8E20EFD1C11A0E3A94E33965
:1085C0009EE3F9F03DC7733CC7733CC7733C4793C8
:1085D0001CCE11004E911CEFD1C11A0E3A7F1E3EE7
:1085E000E7708EE7709823711D0987C71CCAF108D0
:1085F0004E921DCFF1C1191EE21CCFF11C1E063D8B
:10860000CEE37A5C1F061DCFE11C4F870F4E9B24E3
:10861000EFF1C1CD72AC1E654D4B1446D91A6561A0
:10862000540BA36448C2411E949CDB70E73C3C247D
:10863000004EA4220FD2C1CE29399E0FDF89799C2A
:1086400023611EB546719683490EE77092635A2ED8
:108650006B3A364EBA230FD2C1CFF11CCFF11CCFEB
:10866000F11C4E7234C9C12CC7EA509A23695ECD01
:10867000A12C07931C0E4ECE2C0FD2C14C7324CDCF
:10868000913447D21C497324CD913447D21C0993AD
:1086900038C99238AAC4519285691656A3304EC281
:1086A0001C094ED62D0FD2C1AC43610E25518E440C
:1086B00015358A94504AA45052A22C19A27E8D5A84
:1086C000A38A1A15B328CFA23CCB8641CB41004EDA
:1086D000E5240DDAC187E2342B666156CCEA489670
:1086E00023591EE6611E46599A844926665198D63A
:1086F000B31C094EEA280FD2C1CC722C8CE224AAFA
:108700004669290DB5AA564CB2A630C9C3244F7389
:1087100024CD9130C9B372945672014EEC2C0ED216
:10872000C18C72AC0E65C990457116C59114475243
:108730009C9462A99C457116C5591467519C45715A
:1087400016854916A509004EF6270FD2C14C732491
:10875000CD91A89E4579360C9994C5529626C5525E
:108760009C27C3218BF3388FF3388FF338044EFDE9
:108770002D0FD2C18CF32CCAB3280EB3340B432D6A
:10878000CDA4384A2AC32285591A666998A56196EC
:1087900066619A85699425699266004F182C0FD2FC
:1087A000C1CCA23C2B67D5308792E11089492C2699
:1087B0006912266114267998E459946751D69495E4
:1087C000B2A670C8921C024F1A230FD2C1CFF11C5F
:1087D0004E7230CBA134D6256918229DDBF090E78C
:1087E000700EA7797538A83912014F202A0FD2C10F
:1087F000AC43610E8539120D435A177344190E4963
:10880000318EB21C8B8621CD91342B87499EE64850
:108810009CC721004F462B0FD2C1CCF11C4F864183
:108820008CE2308A3329CEA4619092284EA272182D
:10883000C561340C621487399EE3C970C872104F49
:108840005C2D0FD2C18C7230CAC128C7B261D0A2D0
:108850002447A4244794284FC2412AE650984361F4
:108860000E85C35887C21C0A73288C014F602B0FDA
:10887000D2C1CC72AC8ED5A16C18B47224C5991239
:10888000A6491C465994A459548CB2288CB29630EF
:108890002BE76192A729004FDD280FD2C1CCF164EC
:1088A00018E2242DA5A53494862154E3242D25C354
:1088B00031DCB3A41CB5265951ACA53992A6004FA2
:1088C000E12B0FD2C1AC43698E24C32DC773581B53
:1088D000864C47931C8CB26108733CC7B36108B3E4
:1088E00034CCD2301B86304B130050A82F0FD2C18E
:1088F0008BF338D706252A4659142699380C8A1E38
:1089000026439647D1B04549AD2465A56CD0A2A4B5
:108910005692B252366871960050CF2F0FD2C18C4A
:1089200072301AF4248C93E1A8645126D532691868
:10893000A4248CA32CC9C24469CD22399194344C0F
:10894000AA59544C945A35055145240FD2C1CE2909
:10895000F9F035C77338CDABC341CFA23CCBB13AA8
:108960005687C22C0DB330CD227D48005146290ECA
:10897000D6C1CC72284BB3A65A1426599226590E4A
:1089800065BA96A44916655156C9EA48580B4B6911
:1089900098E4C30E035165240FD2C1CD293925C7F0
:1089A000733C87931C4D7234C9C12CC7EA509A237B
:1089B000695ECD9130C7A21C15516C24EFF1C147FF
:1089C0007230CAC128C7C21C0A7324AE2361354A5B
:1089D0006335C7B31C4AF3381E0E719E01517321D3
:1089E0000FD2C1CBCB799AD387830EE5788EE7C3BC
:1089F000F71C4E7234C9C12C87D2589774505176E7
:108A0000260FD2C14C73244D8787B48EA439320C03
:108A10003992E6489A23C39023698EA4E1F09D5AC7
:108A2000AFE650045185240DD6C1CED11C8D8707E9
:108A3000355553351593508C322D8CA43851F24452
:108A400007755087121D4B00518C25EFD1C11BA219
:108A5000218D5AA3D6A8356A8D9A866F516BD41A88
:108A6000B546AD516B946461A4B4A5590651FA1F83
:108A70000DD6C1CED13C2C85A5B0149686831EE6BA
:108A8000391AA7A99AAAA99A0E0F3A1A51FB1E0FD2
:108A9000D2C1CFF11CCFA1E1A043399EE3F9F03D53
:108AA000C77328EC7F1C0E3A1E015206260FD2C156
:108AB0008772AC8E853992E6D51CCA7230898641A0
:108AC0004BC31C0A7328CC913447D23C2E26711913
:108AD0005207260ED2C1CBE11CCE86214BB36A963B
:108AE0000D5136A85935AB66A55A25AB696116D626
:108AF000D3384BE234025220390FD2C1C793211927
:108B0000C2244AA2308992A8524AA24A29892AA597
:108B100024AA0C2F4D4954292551A594449552124D
:108B2000554A49142689128562524AC22C4C005279
:108B3000302C0ED2C18787435847B238AA95923459
:108B40008A864312855912856914A651320C513117
:108B50008DC21C09077198933A960052362A0ED29C
:108B6000C1CDA37A548F862189922C8CD2301A9E43
:108B7000D2304AC3281A8624EA1275894A4A1855FF
:108B8000D296344E005237320FD2C1C7A36110A320
:108B9000388CE2301A0625AA85512D8C6A61140D95
:108BA000831225A54A94942A5152AA4452A4845966
:108BB00094A4719AC41500524D280FD2C1CBCB7921
:108BC0001A0EDF69831A6651318B8A8354CCA262F4
:108BD000161507A998A5619686492D09A334035255
:108BE0006A240FD2C14CC3E13B6D50C32C2A0E52F4
:108BF000318B8A8354CCD2301275E2F01ED7D34A1F
:108C0000A8870052A1240FD2C1CDF11C1E06598D98
:108C1000A348077550D2A5CC986EC31D0A7324CD06
:108C200091348F8B495C0552A82D0ED2C1877238C2
:108C30001DB41CCEC161C8A16C18A42C8AB328CE67
:108C4000A2344CA22C4CB2281C86244DB2248DB3E5
:108C5000244E23005343200FD2C107737010871D89
:108C6000CFF11CCFF17CF89EE3399EE3399EE339C6
:108C70009EE3390053551E0FD2C1CBAB3994E5C3E7
:108C800041ECE37010FB381C7428C7F3E17B8EE7DE
:108C9000780E535A290FD2C18A93348EC264384851
:108CA000711E0D97616B1A6E51D634DCA2AC1D0A91
:108CB00093E1206569D85312E648065361240FD228
:108CC000C1CEF11C1F861CC9F11CCF91E1738EE748
:108CD000789483598E853994E6488EE7788E0053D0
:108CE0007022EDD5C1D4876C18E2500EE570189251
:108CF000500EE5500EE5505A5AC628877234475335
:108D00000053BB210FD2C1CFF11CCFA1E1A0433949
:108D10009EE3399E0F9F733C877338CDABC341C729
:108D2000230053CC27CFD1C1B80C431C85511685E5
:108D300051168559921593AC5A89D3244DD238498E
:108D40006B95308BB2284EF30253D1230ED6C1CE91
:108D5000A1AC9A85591D1A9E73348787414DD25212
:108D600058AB86491AA77192439AB80B53D629EF8C
:108D7000D1C17847B264D84A5936485953D6946518
:108D800083947509B34A180D496950C2EE5096E4B0
:108D90004894E5491A53E31AABF9C1F80EE9900E6D
:108DA000E9900EE9900EE9900EE9D0F0904301535E
:108DB000EA1DEDD5C11A8E799887799887799887B9
:108DC000C331CF89695CCC9128C7743053EF21EE51
:108DD000D5C1F8A063399C0E5A9A55B36A56CDAAEC
:108DE0005975D0D2AC0EE7700E26391A0253F02115
:108DF0000DD6C1CDD11CCCC1B49EE550323C243936
:108E0000965386631EE6611EE6E170CC230053F79D
:108E10001FEFD1C11BCE799CC7793CDC89C3C71C2D
:108E2000CEF1E18EE7788EE76092C3290053F825F2
:108E3000ECD5C1190E3A9883C341C9C11C8C862D4B
:108E40000AB328CCA2308BC22C1AB628CC7228C9FF
:108E5000B104540C25ECD9C1F890633AA60C83A256
:108E6000633A260D93144652184961240D93144613
:108E70003AA623890E2500540E260FD2C10773701F
:108E800050071DCBF11C1FDE723CC7733C19063521
:108E900089C3280EA3382B47E130E87104542726F4
:108EA000CEF5C11D866848A22E5197A84BD425EA5D
:108EB000320C51258D2A393224391225799AA77915
:108EC0003C0C02548C280ED2C1CDD11D1972381C15
:108ED000C4DA70C9C25A2666D9564A4A599494B21D
:108EE000240A332D1CC45A98C3390454CD2E0DD6F0
:108EF000C14772341CB2344A8653124B492C25C9DF
:108F0000904849299192522225A564504A89942477
:108F10004392C6699C86495A01552E290ED2C18CAE
:108F200072AC0E0D872CCC8783948469341CC23AB2
:108F3000321C74DA70087324CC913047C2E110E619
:108F400048025546270DD6C1CDE17878C8D23C4BB2
:108F5000878394436D51254D226550A45AD41695AC
:108F600006A90ED59328472200566829EFD1C11AC9
:108F7000A4412B654D593648838E44399865C3E723
:108F800024C7CCBAA483D2200D5A296BCAB2411A85
:108F9000140056DE21CBF9C1F80EE9903448521680
:108FA0004959246591944552164983A4433A343C67
:108FB000E4500056E022EDD5C1F8A0836AAAA66A63
:108FC000AA0C17351593508C322D8CA43851F244CD
:108FD0000787EF600056FD22EDD5C1F8A0833AA8BF
:108FE0000C173555536918223555934C8D2265B8A9
:108FF000E8A00E0EDFC10056FE21EDD5C1F820C657
:1090000062AC0D932D53A22454534DD106751055C7
:1090100039D464551CBE83015728270FD2C1CEF125
:109020001CCEA1E1638E873992E66A9C24C3254A4F
:109030007324CD913447D21C49736478CB410057D7
:10904000302EEFF1C18BF3388FF32CCAB328518641
:109050002552C22C91C26889C22C2A66911266518F
:10906000922E5136845196A4718E0C4300573E2D9A
:109070000FD2C1CBF16418D42C4CB372561B962876
:10908000CFA221CCD2304BC328C9D221C9A22D4AAC
:10909000C22CCCA12CC9B33AA20A574028EFF1C187
:1090A0008BF3388FF32CCAB3281C9628CFA221CC7F
:1090B000A23C8BF22CCAB3285FA2708CD2520E0D48
:1090C0008700575B24EFF1C1CBF11CCF8621CCF197
:1090D0001C1C76341A6E711EE7698EA4393265D174
:1090E0009846E1708F03578328EFF1C10B7328CDA9
:1090F000913447723C1A0665D8D11C49B330CDC2B1
:10910000348CE2308AA7DA9AA4399243C32157DF1C
:109110002F0FD2C1CA915A8E4475248D8643942351
:10912000D920A7D99044B528896A5112D5A2A4960E
:109130000D496D8FD6A56D53E22CD2A13058992DD3
:109140000FD2C18AF3388F865B9C67516990926A0F
:10915000341CA21CCF8621CCD2304B9670E9B425AA
:109160004B16A639320C3992460058F3260FD2C15D
:10917000CFF11C191E7224C7736CB853870725479B
:1091800075341D861C497324CDE32CCAB31D1A0205
:109190005907220FD2C1CDF11C1E06594DA52C072F
:1091A0007768BB43DB70CECA59793867E5AC3C9C25
:1091B000F30C590D240FD2C1CBF11C1F0E5A0E27F0
:1091C000C32DCAE3E19CC7C31DC9E16190D554CA50
:1091D000727087B63B34591A210CD6C1CDC11C1B05
:1091E0008630CDC63CCA212596C26D586B6A24656F
:1091F000395287F47987005927210FD2C1CFF11C4A
:10920000CFF11CCF87EF399EC3498E263998E55898
:109210001D4AF36A0E453A28592921EFD1C11A0E89
:109220003A94E3399EE3F9F03D87931C4D7230CBBD
:10923000B13A94E6D51C8A74505934250FD2C147EF
:10924000723CC7EA609423511D0A7328CCF178F868
:109250009EE3490E663994E6451D4A74300159393A
:10926000230FD2C1CFF11CCF91E1214772AC3DAAAF
:1092700083F9F03D87931C4D7230CBA134D6251D68
:1092800014597930EFF1C18BF3388FF32C0A87250D
:109290004AB42889942C4A12298B8624CAA224EA2B
:1092A00049C992A89266511625512DC992588C86AB
:1092B00021597D270FD2C1CBF170187328CC91684A
:1092C000584B611C8571940C83544CA3344ED23C92
:1092D000AEA4B5B029C9E1145982290ED2C1CBE19F
:1092E0001CCEE17478CAA22CCAA22CCAA22CCA92A3
:1092F00030CAA25A4B56AC55B252160D4A18653AAE
:109300000C5B501FEFD1C119DEE11CCEE11CD5E191
:109310007CF89EE3399EE3399EE3399AE4708E002F
:109320005B57230FD2C1CE2939323C2839AAA3E199
:1093300030E8700EE7703E7CCFF11CCFF11C4D720F
:109340003847005B58280FD2C1CDF11C1A3EE67891
:109350000E47C390E6A99C266929190E599A2369DC
:109360008EA43992E64896E44818035B66240FD22F
:10937000C1CAD25A986675381D1E941CD5D1701872
:10938000743847E5E17B8EE7788E26399C23005BB5
:109390009A260FD2C1CE2939323C2839AAA3397175
:1093A00038E8508EE7581DCB8635CBB13A94443916
:1093B000920D079D005B9D23EFF1C1CE2939323C10
:1093C0002839AAA3396D78C8911CCFF11C1A0E3A1E
:1093D00094E3510E66D9F0015B9E260FD2C1CE29CF
:1093E00039323C2839AA15E32807A31C0A73AC8E2E
:1093F0009587EF490E663994C67AA66309005BA289
:10940000230FD2C1CE2939323C2839AAE5483A0C7B
:10941000728B96833BB4DDA16D38E7711E0FE73C7C
:10942000035BA422EFF1C1CE2939323C2839AAA32B
:10943000D970D07338CD873B56C7726838E8508EE4
:10944000E7C3075BB6290FD2C1CE2939323C283990
:10945000AAA3D1F090E7A812669B9443491D91E41A
:109460004DC9212552B570D0921CCE015BBD260F8F
:10947000D2C1CE2939323C28392A66B5E1A06739F4
:10948000D370CEE3AC9C95A324CA9128CDB4748844
:1094900087015BF9270ED6C1C7723887B361CC91BB
:1094A0006418D2B09456A27298C46192266929AC0D
:1094B00085590EE56092A321005C0F230FD2C1CF26
:1094C000F11CCFF11CCFB1E62C4CB3340BD32C8C58
:1094D000933496EB399EA3490EE708005C312F0FB9
:1094E000D2C18A73244DB26188EA609483F1A00CE2
:1094F000839255C2AC12669570D092388CC2A45437
:109500008B2A51AD29A985539623005C4027EED1C3
:10951000C11A0E5A0E6539940D072D87737878CAD3
:10952000B1281AA6C6A8314AB2614A725087921C65
:109530008D005C4F24EED1C11A0E5A0E6539940D80
:10954000072D4AC3AC9A0CB7D6AC3A3C65C55A98BD
:109550008559584F33005C5E27EED1C11A9E722C9C
:109560001A9E7238196E699E0CB7246B196E693E8B
:10957000BC14A3A4651812294FB21C49005E16251D
:109580000ED6C18A7B1CC44A71588A9562A558A917
:109590000C43D235E99A244B9A55B36A960D43563B
:1095A0004D005E26250FD2C18CEA48541D1ED2A85C
:1095B0008E4475F2F0A0A4B19C86C3392B67E52CCC
:1095C0002967510EE6780E5E55250FD2C1CDE2E136
:1095D00021CE726438E7F170CEE3E18EE4D0F0ADD5
:1095E0007538484A56D12AE52CCAC11C5E74240F2E
:1095F000D2C1CBF11C1F0E5A9A23691EE7D07048C6
:10960000C31C0A73288C87EF488EE7788EE7780CA6
:109610005E7B270ED2C1CCE11CCD8621CBA15A9C0A
:1096200084F130E4691EE6489643ED49180F839CA7
:1096300084718E25391A015E8F250FD2C1CF293949
:10964000323C44399E0D4398236925AE27C3418A95
:10965000C328CECAF5384FE3248763005E9426EF13
:10966000F1C1CF2939323C44399EE3619A2559989A
:1096700045C52CCAA2308B8A599866611D49F334BE
:109680001A1E5E972A0FD2C1CF2939323C44698E07
:10969000A43992E6483A6C698EA439120D8318C534
:1096A000611467E5AC1C85C3A0C711005EA6240F3A
:1096B000D2C1CF2939323C4459392B0F6FCD59399A
:1096C0001BE41C4F86418DD2B096A66BA8A9FB0067
:1096D0005F0024EFD1C1191ED23A92E6489A23695D
:1096E0008EA4E1F031CD913447D21C49F3388FEB91
:1096F000698E84005F0F280FD2C187EA6096637578
:109700002C1DBE43399E0F520E853914E6509A2304
:1097100069160E59940C7912E5988E075F15230C83
:10972000D6C10787418CC3388CC36418931C4A7216
:1097300048C786418CC3388CC338CC92348C035FC5
:1097400053200CD6C12E96B2308BB230AA23E9F04A
:109750000EE6600E26C3410773300787871C0C5F37
:109760005524EFD1C11A0E399EE3F170C7733C1B2B
:10977000BEE75058CDA41CA9E84854D632494B52F4
:109780003947005F972C0FD2C1CCF16418D2280D55
:10979000B361C8A2248D93614873581A0629C9B3CE
:1097A00028190E591E47619C95F3384DE222005F3F
:1097B000AE310FD2C12BA649531825A5ACD2162520
:1097C0008332647194E548491996EE482D1AA22413
:1097D0008B5AB2A8528C22298C5AB2244E32390BA1
:1097E0005FC323CFF1C1CE293925C77330C7E3301A
:1097F000CAB328CFA21CA9E5482D8DC43447D21C7A
:109800001A360060002B0FD2C1CBF11C4F864316D5
:10981000E76AA51627699C844A1665499446B530BF
:10982000C9C22CCD913447D21C4973244D01602705
:10983000290FD2C18BF338CFA23C8B726918A2A436
:10984000294DA22C4DE2308AF36C18C2388FF338C0
:109850008FF368B8E5200060F328EFF1C1CCF16C1C
:1098600090B3DAB0647136A85A751AC4A4AD949551
:10987000B3418772300BA35A5489E2481C860C62AC
:109880000F2B0ED6C1877238C9C12819B628CE72DF
:10989000281B942819E2248CC2340AD3244CC224F5
:1098A0008CC25A26E951928772016210280FD2C1E8
:1098B00087921C8D72301F1EA2388FF338CB062979
:1098C0006BCABA845925CCC2A8529392AC9494C363
:1098D000B90062112B0FD2C1CD72684AC2218CE24D
:1098E000308AC374F85887C22C4DA22CD5A2D4A8B4
:1098F000A4595889C2AC122589AAE5580062342EB1
:109900000FD2C14CD3618892388D92E13B960E43C1
:1099100094469D8621EAA761889230AB64C390A5E6
:1099200059180D87A4298B3225550362402A0FD27E
:10993000C14EF3ED39CD913447062547B26418A2E4
:109940002CC9C22CC9C241C9C2340BD3AC1A666936
:1099500018A5F53802624B230FD2C1077370108728
:109960001DCFF11C1A0E3A94E3399E0FDF733CC7EA
:10997000733C47931CCE11006253230FD2C1CBF12D
:109980001C8F865B1C0E631EE7719E84B91ACBA1E7
:1099900012E7711EE7719A84495C05626B2B0ED247
:1099A000C1CBE11C8E8641CBA161C8B31CCA722811
:1099B0004B9261C87424D2A12587B21CCA72288B2D
:1099C0008641A94375106284280FD2C18BF3388F6A
:1099D000F330290D53128595AC29AB9472258B3247
:1099E000394A9438497324CDE36A12EA990E62A485
:1099F0002A0FD2C14B7324CEE33C1B1E94382B6735
:109A0000E52C49864193E248CB952CC7EA589483CC
:109A1000510E257530C9310062A5320FD2C1CBF18C
:109A20006C18C22C0DB33419962C09B330CD722C9E
:109A300049862194922CD3922C51B22849B32849BB
:109A4000B372162559922559510D62D22B0FD2C1EE
:109A5000CBF16C18B43A561F961CCB8621CCD23071
:109A6000A986529A6969A264C310663956C7EA4842
:109A70006D18A41C0563092A0FD2C14B7324CEE3D1
:109A80003C1A1E943C4BB2629A23CA7012B3480926
:109A9000B3340BD35089EB6912266116666A0263F0
:109AA0006E3210D2C1CB8641CCE2308B936190C331
:109AB0006C18C448CB935A2E0DB766AD9A64C3A0F8
:109AC0004495348C92344CA2344A4A699664C390CB
:109AD0000063892A0FD2C18BF3388F072D0E87655B
:109AE00018C22C0D9364184229CDB46148942C2AD5
:109AF000C67934DCE23C4E93B81E0263A52C0FD22B
:109B0000C10B7328CD916818C41C1C96300DA33866
:109B1000190E599A2362AE0C2F619666611A46712E
:109B2000AA26992446720263CF2F0FD2C10BB334F9
:109B3000CCD268B88559344C599AE3D9308449A9B4
:109B400028B5695145C98621CCA2621615B3A8254E
:109B50001B862C4C130063D22B0FD2C1CAA1301F1D
:109B6000B268D0E37410F3643848719E4449AE483B
:109B7000C9296BCA9A96648BB2A6AC521A4E599EEA
:109B800000641C2E0FD2C10B933C8B12318B8A596F
:109B90005419162511B3A89845C5241986508DB5BA
:109BA000614894304B2B713D4DC224CCC24C15649E
:109BB00044320FD2C1CBF16818C42C4CB3611A9651
:109BC00030CD86350BB76418543D548664489430C4
:109BD00089C22829855994A45112854929292661C9
:109BE0002664782A0FD2C16BCECAC970CC6AC38EE4
:109BF00046C3904669651854250DA561889434477D
:109C000092E158C9B36212A561940B64AD2F0FD2D3
:109C1000C18A87301AF42C2A566A83320C5A985417
:109C2000B3A898E892340CD11615B3A8980D4398B0
:109C300045C52C6AC986210BD30864CE2F0FD2C12B
:109C40002A86C320C551362CC3A2256996644312C7
:109C500096922CC98624D1D4301F861CCDA1E1A0B8
:109C60004339323CE4480EEB0065362B0ED6C10B6F
:109C700073244CA3308DB238CA86412A46955A5473
:109C80002BD54A8998644A9864519A87499C55A370
:109C9000344CF20065702C0FD2C14C4BCD492D478E
:109CA000D2E121C92AA52C6AC992AC128571120D84
:109CB00043968459D8510A93544D4225AB88491A8A
:109CC0006587230FD2C1CE29399E0FDFF238AFE668
:109CD000489A43590E26399CC3490E663994C6BA30
:109CE000A4830265B02E0FD2C1CB2939120D4332A5
:109CF000E4609E4539524B874119C6521C46D93003
:109D000024511C466152AA4595A8D69864D52C8C3E
:109D10000065B9210FD2C1CE29399E0F5F733CC7B0
:109D2000737C187224CD913447D23CCEE37A5A49E1
:109D3000F31465E025EED1C11A0E3992C3399CC3E4
:109D400039323CA4518E453916E5509643598E84DC
:109D5000A5344CF261870165F6290ED6C107733828
:109D60001AE4288BA32C196E7194C5D120475994FD
:109D70004559A956AAC5D12047599C83498E6600EA
:109D8000662F230FD2C11BCE799CC7C3398FF378BE
:109D9000B81387EF3956C7B261CD72288972244B48
:109DA000F27438663E21CFF1C11BCE799CC7C3390E
:109DB0008FF378B823599C75CA8A4916A54996E449
:109DC00048960E1F667A250ED2C1CAE1411A942820
:109DD000CCC2DA70C92A59298B0625A70CD73CCDED
:109DE000D3E19AA7793A5CF3086709240FD2C1CE70
:109DF000F11C19BEE6780E0F831EC7729A0C8318E9
:109E0000C559391F063DCEE33C4CF23404672C2380
:109E10000FD2C1CFF11CCFF11C191EF21D4CEA5814
:109E20005287DAB36A588B86214AE27A8EE7780E37
:109E3000673A290FD2C1CBF16C90B372561B962CA6
:109E4000CEAA5A75CAC2A42D4CDA4A59392B654D8F
:109E500059144659946E490E016765230FD2C1CF3C
:109E6000F11CCF91E1214772AC3DCAF2A8387CDEEB
:109E7000C1A40E356B99A4A67A8EE700677F2F0FD9
:109E8000D2C1CB91341FB321CFF261C9B16C18326A
:109E90002DC9B229C9A2A45B943425512D4AD2AC54
:109EA0009C95A32C49A35A98446900679C20EFD144
:109EB000C11BCE59392B0FE7AC9C95877356C7F25F
:109EC000E16B52879AB54C52533D076807280FD271
:109ED000C1CBF16C18C21CCFC16147A3E124C76B91
:109EE000A529C992A64A548BC2286B09B3721E26B3
:109EF000799A02680F280FD2C1CBF12C4CC32C0DDC
:109F0000A36CD8D16838E9F00E26752CA90C431241
:109F1000E5788EE7788E47C32D07016837250FD285
:109F2000C1AB86BDA5393828C32D8EE5781A8628A1
:109F300029A6491C46D1708BF3388FF3388F430024
:109F4000683C2E0FD2C10B7328CCA17050B3301ACD
:109F5000142D4EA22456F32D4993362D89E229491A
:109F600086350BD32C4CB330CD86350B2300684C93
:109F7000260FD2C1CFF11C1F861CC9B1E190E64863
:109F80003A1CD21C4987430EE5C3D7A40E356B9902
:109F9000A4A67A0E68632C0ED2C18B6B512D4CA2F5
:109FA0002C4CA2618892629C4AC320ED48F7A40E13
:109FB00049D930643994E550964359340C5A0E050A
:109FC00069FD320FD2C10BA3388CE264386461940E
:109FD0000DCA308851122599340CDA524AA224193C
:109FE0004E490E46D9B066619A0D6B16A6D9B06679
:109FF00061046B4C340FD2C1C7C2619072AC3A2479
:10A00000D1B0444914264352CCD16C18B41C0AC3B5
:10A0100021094B499664519225D99064498E44593F
:10A020009A44591CA5016B7B28EED1C1F8A0853953
:10A0300012E648581B92AC250AB3A4984489984963
:10A040003916E55016D6C22C2CC58392A3006BD2CC
:10A05000250FD2C1CFA1E1A0433936DCB11C191EB6
:10A0600072EA708EC238AB0D9FB2300DB374784770
:10A070007354046C602DEFF1C187F23847A23A1295
:10A0800055A43452B23091B22452A27488AA5163BA
:10A090001695B62811B3288CB23CCAF2281C0601CA
:10A0A0006CA120EFD1C10A07392B67CD59D8A5BCC7
:10A0B000E970340C61964663B7B412D743455F0725
:10A0C0006CD5270FD2C187F23847D21C498BC329E0
:10A0D0008FF31C497364788AD33547C21CCAC234D3
:10A0E0008AC36438C479026CE825EFF1C147722451
:10A0F000CE911C4F864B8EC4799CE7489A23D13071
:10A1000068713AE7711EE7719E0C07016D4F300EC2
:10A11000D2C1AEA4A5308D92618872244AC4A852DF
:10A120004CA2A4298992AC250AB364C8922889B2AA
:10A13000244AA25A2909B3484F7234016D6A2C0F80
:10A14000D2C1477224CE916818D2288DD25A380CC9
:10A150005994A471929686218DAA5B947509B330A7
:10A16000CD922CCC543947006D882C0DD2C187D2AA
:10A170002CAA55A2ACD28E84E13024519286499A01
:10A1800045C39045E990A551360C519646591A653C
:10A1900095384C006DD82D0ED2C1CF913087B26169
:10A1A000C8A2584CD2241DA2244CC22CAC25C3906A
:10A1B0004469386449A996946A8354C7A23CC9D1BA
:10A1C000086E38300FD2C10ED3308BB3723224C335
:10A1D0009AA5611487CB104649584AB2304BB268F1
:10A1E0004B9241CA922C8C6A61540B9348A9E61990
:10A1F000006E9030EFD1C18A864396847992A56132
:10A20000320C5196A451960C439854C32419862CB1
:10A210004AA2CA14C651A598446D49AD2426399C5A
:10A22000026ED12DEFD1C1CA86218DD2D21055A395
:10A230005A341C942887B26818D2280DB36188B6A6
:10A2400034CC8621CCD2304BC3AC92236106706BE8
:10A25000250FD2C1CFF11CCFB1629A8569560DA3EB
:10A2600038CC9130C9D12407B31CAB43695ECDA172
:10A27000480705706F260FD2C1CBF11C8F865B9CFF
:10A2800026C534512B7118C5799CC7795C49E328E0
:10A290004CB3308D933047520070B9250ED2C1CEE9
:10A2A000E11CCEE1619073388786439823618E84E8
:10A2B00039120E879C18D59AB2248C321D0D713636
:10A2C000280FD2C18BF33849872CCA9AA5E11225F1
:10A2D000599844591227599267D5300BAB5198E7DA
:10A2E000A45A5FC2AC027247220DD6C147E2344E77
:10A2F000E3344EE3E120E5688EE6E830A8711AA762
:10A300007198877996231900725921EED5C119DE0B
:10A31000A11CCED33C8DCBC3439CE4589443598EAF
:10A3200084799ACA3998E4680C72692B0ED2C10BF1
:10A3300073248C93304EC26119943E5512294D6A94
:10A340006194645365D0A24A298BB234AB66C55A76
:10A350002909F30872792C0FD2C18BF3384DE234FE
:10A36000C986211AC43489C3281A6E3992CED19075
:10A370000D835247D2304B4B698EA47192E619007F
:10A3800073A926CFD1C1B80C4398E3399EE3D170AD
:10A3900019A47218C5611487511C46F1924543985F
:10A3A000454998AE390473B02AEFD1C11F8664586D
:10A3B000D2304BC32C2A6651318B4A831215B3A875
:10A3C00098258D691287513CD5C62C4AC2521A0F66
:10A3D000740627CFF1C11F866458A2621615B361B7
:10A3E00008B3A89845A541198630CEE33C1B8630BA
:10A3F000CEC7704FC3E100751F20EFF1C1CFB13A56
:10A4000056C7EAD0F016E6489AC7399E43C341873B
:10A41000723CC7733C1F3E752824EDD1C11A0E5201
:10A42000580A4B6169384861292C85A5E12085A52A
:10A43000B01456D23049A344C712007535230DDA43
:10A44000C1CDD11CCD87831496C252581A0E5258D2
:10A450000A4B6169384861258DD3381E860075C561
:10A460002F0FD2C147724A8E0C6F3918E568920CD3
:10A47000A724CD913457865352AB4449944461523A
:10A480004BB2484CB2288FB23429C61100767B2AD1
:10A49000EFF1C147726450A21C4A4A59944569922F
:10A4A00025799A278392E650A40C172D8FF378B85C
:10A4B000A73994C5C34302767E26EFD1C1F83D8704
:10A4C00073380787839843610E8539140E073187E7
:10A4D000C21C0A7328CCA1703888391401768425EF
:10A4E0000DD6C14AE3B41C0ED33026A19884563150
:10A4F000CA86218BC42C12633116E36188C52CC92E
:10A50000C10876D826EFF1C1CEE11C1DCE59398C99
:10A51000B2E15B1E47611A26C51C89878318655105
:10A52000186551186551347C770B270FD2C1470647
:10A530006D18723C8786838EE4C8F035877378B8CF
:10A540002671180D8356CE87418FF361D0E30C77C7
:10A550001F220FD2C1CFF11C191E7224C786731E91
:10A560000FE73C1ECE793C9CF36CF898E6D51C8A2C
:10A57000007740280FD2C14C73288B87871CC9A154
:10A58000E1A02339327CCDE16190E53419064D8A92
:10A59000F361D0E37C18F4380377ED270FD2C1CAFA
:10A5A000F17018A421C7921C8CC261ECCB302461DD
:10A5B0007118733CAC256156CAA2AC8EA5C39D0030
:10A5C00078012DEFD1C11FA6614E73240DB330CD9C
:10A5D000C221CA32291A8644CA1125CA91A88E44BA
:10A5E000956189861C89EA489423753802786C2E17
:10A5F000EFD1C11F1EC43CCEB361C8C2A8362451DE
:10A60000494A86219292A8524AA25A940C4316258E
:10A61000513C44491C65799AE89038789F320FD2B2
:10A62000C147A21C4AA26C504A69341CA22C89C2A0
:10A630004A140E4932645292439561908A71341CD7
:10A6400094285B87282996CA5AA643290078C132E4
:10A650000FD2C10F73AC3484511A0D8728ACA56199
:10A660003685991225511225A524AA24D396646112
:10A670009644613885955212C54332E4509800796A
:10A680003A1BEFD1C11A0E3A7F1EBEE7788E3567AE
:10A69000616B94C67235C9E11C01793E240FD2C1A9
:10A6A000CACB791C0E6A8EA4799C47C369AD144B42
:10A6B0004998C7799CC7799C27C321CB410079BBB6
:10A6C0002A0FD2C1CE29F9F09D9864491C4D719290
:10A6D00025F170C772647888C238CA9AA261886A04
:10A6E0006154879228C7220079CD1F0ED2C14CE356
:10A6F000311BE26EC34312D54A252D2A4D2D2DC3A1
:10A7000090748AA4B87F0379FB270FD2C14CF33130
:10A710001CD241EC9644D130CA65350A27294C8AAF
:10A7200083D2164A991285B99AC7A99EC9007A0B95
:10A730002BEFD1C154862119B234CCD2304B936166
:10A740001986308777544986214A8A69128751369B
:10A750000C619CC7799C27C3217A972B0FD2C1CE5D
:10A760002939323C28519A49C524CEC1E120666975
:10A77000980D5118655198B485DD922C8CE2703893
:10A78000883914017B142A0FD2C14B7324CD8765FD
:10A7900058A22CCAC224CCB1411C763CC78771D8C0
:10A7A000F11C1F866818E23CCEE31C1986007B5220
:10A7B000320FD2C14B7324CD876598922C0AB324F3
:10A7C0008C92E120E650980C4312E650180D521876
:10A7D0006551186551180D529843619E8439920154
:10A7E0007B7E29EFF1C14B7324CD876598922C0AAB
:10A7F000B3248CD22407B31C4A636550241D94C330
:10A8000038AB4775248C8787047B80320FD2C18A8E
:10A81000F3611996288BB23009D39C920C4398436C
:10A82000613448619445619445613448619445615F
:10A830009445613448610E853922017B97280FD2F7
:10A84000C18AF3411A96288BB29C341CC41C0A8717
:10A85000839843E1701073281C0E721A0E1FD33CAC
:10A86000AE87007BB12F0FD2C14B7324CD87659883
:10A87000922C0AB3248CB21CCF866958C2340B4385
:10A880006D18A7304B1AB3A4324CB530C98A69365B
:10A890002C007C982D0FD2C18BF3388C92304D8ACE
:10A8A00069A20E5A1C0E632CC7D33044496B94B472
:10A8B00026519686591A6669980D4398A509007C19
:10A8C000FB210DD6C11FA461C772306D1D861CCC43
:10A8D0003131D493E1214EB3A89A3556B224AD0359
:10A8E0007D20270FD2C1CFA1E1A0433936DCB17C56
:10A8F000F89CC3613E0C39AA83623A1C74284CB39D
:10A90000288E922CAC46007D22280FD2C1CFF11C9C
:10A910001A0E3A94E339323C28612E96C261C8512E
:10A920001D14D3E1A043619A457194646135027EA0
:10A93000BF2E0FD2C14B93388DC2388FB264CA92EA
:10A94000211CC41C499321CA0635CF92618BB21CCD
:10A95000D1E12CDB926848B3A4A8EA78007ECF2727
:10A96000EFF1C1CBF16C18B21C0AA334CC426D10CC
:10A97000A334AC657292C3C3320C518EE4783E8628
:10A980007B1A0E077EDC2B0FD2C10B7328CC91747F
:10A9900010DBA244CB8629C9D33C4DD29A3428B1CE
:10A9A0009225C30E85A91446632D1D76288C007E42
:10A9B000DD2BEFF1C10B7328CC917410DBA224CCFA
:10A9C00086241986308B6A61D41A55066918A23418
:10A9D000C7734C8A87304EE261087EDF2B0FD2C1ED
:10A9E0004B7324AEC7D97089C274D0AA599A65C373
:10A9F000258EA2618BC238CAC12896B26808B328D6
:10AA000009D33587007F162D0ED2C10B73248DB369
:10AA10006190B2388992785886418B7228CB9170B8
:10AA20007848948E4A6B320CD9D23244494F952CD7
:10AA30000F057F512CEDD5C1F8A0833A28569428F4
:10AA40008912298992440B232D8CA4244A12298926
:10AA5000924489922819531DD4A144C71200800C36
:10AA600022EDD5C1F810E7680EE6C87090DAA2B6FC
:10AA7000A82D6A8BDAA2B6A82D6A8BF224CA910897
:10AA8000803322EFD1C1191EC23CCEE3E19CC779CD
:10AA90003C9CF3388FE3414B06251BE41CCFF11C93
:10AAA000CF00804A3EEFD1C138E551A20D49944410
:10AAB00049940C499444499444499444499444C960
:10AAC00090444994444994444994244A9444439278
:10AAD00028C990444945CAA23C8BF228CB93300345
:10AAE00080542C0FD2C147B268D8A22C0A9330CA26
:10AAF000C1211A86A85A4AD3212D25C3254A4B5A6B
:10AB0000120E61924959392B4769250F80FD300F8C
:10AB1000D2C14BF3282B85516918941D4B723C4CC4
:10AB200086294CC26C50C21C1AA62C0AA35A188D36
:10AB3000C314875198444914265938088111320F9B
:10AB4000D2C187E2212DA5A5E1A0443938E4609463
:10AB50004561944449A99245D19064514B94942AFB
:10AB6000A524AAC451258E2AC3A0443A920081EAA2
:10AB70001509DEC1CCCBC321B70F075D1F0EBA7D0F
:10AB800038E8018282270FD2C14C73240D878F6968
:10AB90008EA439797847D21C497324CD913447A2C9
:10ABA0002487B21CCBF11CCF110082F9210FD2C136
:10ABB0004C73240D878F694E1E1E7224C7DAA32C96
:10ABC0008FEA603E7CCFF11CCFF11C83DC240FD2D6
:10ABD000C14C73240D878F694EC9C1411C76AC3DB1
:10ABE000CDC11C191EE2A40E356B99A4A67A0E8461
:10ABF000DD29EFF1C14C73240D878F690ED591A823
:10AC00008E44D1B04595384AB29C3C1CC4288BC2B6
:10AC1000288BC2288BA2E10385CF300FD2C1CDD2C1
:10AC2000E16B16E568140E2FE5344986245D4AC5AC
:10AC30006448A26448A2A4962443524BDA4A492DA0
:10AC40002A0D49539C29711A884C250FD2C1CCF189
:10AC50006818C21CCEE128C773381A4E729AC461B4
:10AC600014E7711EE7711EE76192A7290088682624
:10AC70000FD2C1CFF11C191E7224C7736838E85077
:10AC80008EE7C3D72407B3AA98A4491A4A3539894D
:10AC9000451D02898122EDD5C1F810663992A5C300
:10ACA00041AA456D51341CE47C7808CB613CE5D861
:10ACB0000E49DB9E0089C62B0FD2C1CA29D9308428
:10ACC000599A0C525A6ACCA26216D5A62E4D9528D6
:10ACD000E9314DE2308AC328CE4A59144659120F41
:10ACE00089C8260DD6C1CCD2284BA36C50A2B62859
:10ACF00009D31C1B8E799815B362568C92284F721B
:10AD0000A81869E13C0889E32E0FD2C1CBF170D8B5
:10AD10008630CAA2306A4C5A06250B93629A9492E6
:10AD20007490062D694A93623A28C31025C55212C1
:10AD3000760BC50C89E6300FD2C1CAE33C1DD25256
:10AD4000340C499445A541895A9A5A9A4A83320C3F
:10AD500051D2D4524C0731C992625449864392254C
:10AD6000B1A643008BA1280FD2C187F23847D21C6D
:10AD700049733CC7D321190E599A23698EA439927D
:10AD8000E6489A23B51C117324CDF1148BB024CF5F
:10AD9000F1C1CA29D9B0E6488EE77834E4489A0D63
:10ADA0006B16A6598ED5B13A96943329CEC2610856
:10ADB0008BBA29EFF1C187F23847C2240F931CCC1C
:10ADC00072288D8624D79AB328CF921CC97428CBB9
:10ADD000B1A41A4A69180E0B008BBE27EFD1C10A25
:10ADE00007392B6775AC0EA5C390E468340C69165F
:10ADF000A659398CE2244A723147C224C7CCBA0022
:10AE00008BC429EFD1C1CA8621AD23690E467528AE
:10AE100089A2214BCA698E24C3214B7324CD915A38
:10AE20008E883992E6788EA7008BDD290FD2C14734
:10AE3000C37C08B3218F733CC78687388FF338CF24
:10AE40008621CCD2304BC3A41A4A69980D438EA4F4
:10AE500009008BF4270FD2C14EC3D6AC5CC7862144
:10AE600047D26888D2525A1A86344CF230C993526B
:10AE70002ED54A59351DC21C038C37230FD2C14C25
:10AE80007324AE85AD5198E460964369AC4B3AA803
:10AE90000DE73CCEE33CCEE3E19C67008D2D2E0E0A
:10AEA000D2C147E2418AB3284E4AC3D235E99A5407
:10AEB000A42C69AB348549531225DD922C1B9428B0
:10AEC0008993A89E646152C722008D34300FD2C18D
:10AED000C7D2414CB3304D8A69521C94C63429A65E
:10AEE00049314D2AC31025AD51D21A66699644697D
:10AEF0001625699425C390C469028D772A0FD2C1A3
:10AF0000CCF11CCF066D58E33CCEA3614806392B2B
:10AF100026598ED4722459C22CC9C22C090729D1B2
:10AF2000C16878278F6C280FD2C1CAE33CCEC361B9
:10AF300019862847D2242D45C3B71C0973281B86C0
:10AF4000704F8630ABA4495C2FE719008F6F2B0F31
:10AF5000D2C14B7324CD91341D8668D0D2304BB210
:10AF6000A6D661CB913447C2249F926C109330CA0D
:10AF7000CA59394A2B79008F7D2A0FD2C14C7324CC
:10AF80004DB26188AAC5E15B9CC751320C522D8F2E
:10AF90005A936C18A224AE0F5934AC49B126666995
:10AFA000008F912E0FD2C1CAF170189B8625CCD28A
:10AFB000614B72304A860F499866C39A85E9324CD4
:10AFC00043166649160D5A3248698EA43912018F0C
:10AFD000C723EFF1C107D31C89F338190E3998E361
:10AFE000D910857156CECA799CC76912B7E460360C
:10AFF0001C028FD42BEFF1C147C37C08A32147A2C9
:10B000001CCFF1615086280EA3244BA34A1C6579FE
:10B01000548993284B936A96E460361C028FD82695
:10B02000CFF1C1CA86418CF33887733C1D4225CECF
:10B0300092288D6A619215D31C497324CD931CCC40
:10B040008643008FD928EFF1C1477224CE9134474F
:10B0500092E18EE650980D599487499EE64898E40F
:10B0600059394A2B7198E460361C028FDB29EFF1C5
:10B07000C147A2B41487511C0D830ED5C1281BC231
:10B08000284E864316467118C559392B47619AE4F4
:10B0900060361C0290012A10D2C1CEA3B42866717A
:10B0A0009E63C31D4C873847E21C49868316E748D8
:10B0B0009AE46116676998D4A32C87D4E1109002B2
:10B0C0002AEFF1C18786301B7224CD9134C78643A5
:10B0D0000EA5439A23D130A4515A4A4B696918D21C
:10B0E000280D931CCC864300905328EFF1C14EC32A
:10B0F0005A9CE3C97087727418A2214A4BC39046C8
:10B10000696918D2282D0D431AA5619283D9700858
:10B1100090A328EED1C119A6418B6AA5C6A869984B
:10B1200092346A8C9A86292BD54AB5288B94AC9494
:10B1300064511285B51C0E0190AE2F0DD6C1CBD136
:10B1400070D0C26C189428892A5112554A2D511278
:10B1500055A26418924CAA645225932A4AA9521AFD
:10B1600086244C931C0D0190E8300FD2C1CB29E905
:10B17000A00C8392E55894855131CA9268384839B9
:10B1800018E560160D53168551168591928551125A
:10B190000E531C46391E0290FD300FD2C1CCF12C4B
:10B1A000199461A985516B9245C97050E2340AE344
:10B1B000281BA62C11A34C09A32C1A26250BA3246B
:10B1C0002CC5C314875108914D30EFD1C138E458D4
:10B1D000920D629247C39046496B94B44649CB2086
:10B1E00025C992456212A7493C0C499C26A99AA4FC
:10B1F000C3200D439A23009177370FD2C107B36163
:10B2000088923409933409076518A2244B3A65499A
:10B210006396B40C8392EC889823693428C3106534
:10B22000491A65491A65C93044839246590291CC3E
:10B230001DCFF1C11A0E621F8783D8C7E1A0433921
:10B240009E43C34187723CC7F3E10394AE29EFF1FB
:10B25000C1CBF16C18872C0AE328CBA3CA904569AF
:10B2600029CD866998B234CCD2304BC32C4DA22C58
:10B27000D5AAD17094FE2BEFF1C1CA91340BD3291A
:10B280004BC3645872241DD2244AA2250A2BC34101
:10B290000A7B1C06296C89C2504AB230CA860195C5
:10B2A000012E0FD2C18BF32CAA0D5112656952CB1E
:10B2B000913019926108B334CCA2CAB044C52C2A8B
:10B2C0006651318B8A4996C45A354BF302952E321A
:10B2D000EFF1C1CA913447D24519B4304BA274186A
:10B2E00094210993B668D0A22D1BA464D0A2244B4C
:10B2F000A36418A42C4C9362AAD4A1241B860095A5
:10B30000ED250DD6C1C9E164B8A3722887CA709132
:10B3100043551493508B42290B95301493504D751F
:10B3200028D1B10496322E0ED6C147D241AC85A5A4
:10B33000643844599C847194C551362C591426594B
:10B3400014265914264A1626B534492B61964459B9
:10B350009A019644330ED6C1CFA241CAA22CCAA2EA
:10B36000C6A8651892488C22258C5AA25A122551DB
:10B37000964449942561A444619464619486511A69
:10B3800025519A650096642CEED5C118C2340AD3B3
:10B39000244CC224AB6969945406650AD3284CA393
:10B3A000641814254C932CA985515B4B9A64491C55
:10B3B0000396F62A0FD2C11A0E3A9423C38392C67B
:10B3C000D2922C3992634BB243498E99A550525375
:10B3D0006D18743C87A41CD529290097622CEFD1E5
:10B3E000C1F839C773380787831865511865511834
:10B3F0000D52186551186551180D52186551186590
:10B4000051381CC41C8A0097F3200FD2C1CE2939B1
:10B41000341C747A9A43593A7C270EE73CCEE3E118
:10B420009CC7793C9CF30C987522EDD5C1F890E649
:10B43000608E0DC73CCC8A59312B66C5AC1825519E
:10B440001EE54898CA910E250098912D0FD2C1CBC8
:10B45000F16C1894729A6C71920D43946469320C79
:10B46000521D898A59D4D2D4D2D4D22D09B324CF33
:10B470008A5A9A8879009F202C0DDAC1CBA1718855
:10B4800072281AB221CAA13A140D079D524AA296F7
:10B490002889C2521225514B9424624589926CC866
:10B4A000D4000000675600086B5600087151000870
:10B4B0001815AF19FF1815AE19FF1815A115C819E1
:10B4C000FF1815A015C019FF1815A115C019FF18F0
:10B4D00015A015C819FF1815AE15D5168015A81694
:10B4E0003F15D316001540158D161415201600159E
:10B4F000A115C815DA1612158116CF15D916F11532
:10B50000DB1640152E15A415A619FF1815AE15D576
:10B51000168015A8163F15D316001540158D161464
:10B520001520160015A115C815DA1612158116EF8B
:10B5300015D916A115DB1600152E15A415A619FF91
:10B540001815AE15D5168015A8163F15D31600157B
:10B5500040158D16141520160015A115C815DA16FC
:10B5600002158116CF15D916F115DB1640152E15CB
:10B57000A415A619FF1815AE15A415D5165015A8B3
:10B58000163F15D31600154015AD168B15D916228A
:10B5900015DB16351532158116FF15A615DA1612AC
:10B5A00019FF1815AE15D5168015A8163F15D31618
:10B5B000001540158D16141520160015A115C0157F
:10B5C000DA1612158116CF15D916F115DB164015AE
:10B5D0002E15A415A619FF000001140A6464323266
:10B5E00000127A0000042896100800008000400035
:10B5F0000001140A6464323200093D0000042896F8
:10B6000010080202800040003C206D7573696320C1
:10B610003E0000003C2067616D65203E0000000098
:10B620003C2068756D6974757265203E00000000ED
:10B630003C20616C61726D203E0000003C20666C15
:10B640006173686C69676874203E00006CB600081E
:10B65000000000201C0100002801000888B7000835
:10B660001C01002084370000440100080000000095
:10B6700000000000000000000000000000000000CA
:10B6800000000000000000000000000000000000BA
:10B6900000000000000000000000000000000000AA
:10B6A0000000000001000000100000000000000089
:10B6B00000127A00000000000000000000000000FE
:10B6C000000000000000000000000000000000007A
:10B6D000000000000000000000000000000000006A
:10B6E000000000001F00000000000000000000003B
:10B6F000000000000000000000000000000000004A
:10B700000000000000000000AAAAAAAA0000000091
:10B710000000000000000000000000000000000029
:10B720000000000000000000000000000000000019
:10B730000200000000000000000000000100000006
:10B7400001000000000000000000010100000000F6
:10B7500000000000000000000000000000000000E9
:10B7600000000000000000000000000000000000D9
:10B7700000000000000000000000000000000000C9
:08B780000000000000000000C1
:04000005080000ED02
:00000001FF
